-- Adminer 5.1.0 PostgreSQL 16.0 dump

\connect "nuevo_siexud";

DROP TABLE IF EXISTS "entities";
DROP SEQUENCE IF EXISTS entities_id_seq;
CREATE SEQUENCE entities_id_seq INCREMENT 1 MINVALUE 1 MAXVALUE 2147483647 CACHE 1;

CREATE TABLE "public"."entities" (
    "entity_id" integer DEFAULT nextval('entities_id_seq') NOT NULL,
    "entity_name" character varying(255) NOT NULL,
    "tax_id" character varying(100) NOT NULL,
    "entity_type_id" integer NOT NULL,
    "main_address" character varying(200),
    "main_phone" character varying(100),
    "institutional_email" character varying(200),
    "website" character varying(200),
    "main_contact" character varying(100),
    "contact_position" character varying(100),
    "contact_phone" character varying(50),
    "contact_email" character varying(200),
    "last_update_date" date,
    "is_active" boolean DEFAULT true NOT NULL,
    "created_at" timestamp DEFAULT CURRENT_TIMESTAMP NOT NULL,
    "created_by_user_id" integer,
    "updated_at" timestamp,
    "updated_by_user_id" integer,
    CONSTRAINT "pk_entities" PRIMARY KEY ("entity_id")
) WITH (oids = false);

COMMENT ON TABLE "public"."entities" IS 'External entities participating in projects';

COMMENT ON COLUMN "public"."entities"."tax_id" IS 'Tax identification number (NIT)';

CREATE UNIQUE INDEX uk_entities_tax_id ON public.entities USING btree (tax_id);

CREATE INDEX idx_entities_type ON public.entities USING btree (entity_type_id);

CREATE INDEX idx_entities_tax_id ON public.entities USING btree (tax_id);

CREATE INDEX idx_entities_active ON public.entities USING btree (is_active);

INSERT INTO "entities" ("entity_id", "entity_name", "tax_id", "entity_type_id", "main_address", "main_phone", "institutional_email", "website", "main_contact", "contact_position", "contact_phone", "contact_email", "last_update_date", "is_active", "created_at", "created_by_user_id", "updated_at", "updated_by_user_id") VALUES
(5,	'GOBERNACIÓN DEPARTAMENTO ARCHIPIÉLAGO DE SAN ANDRÉS, PROVIDENCIA Y SANTA CATALINA',	'892400038-2',	2,	NULL,	NULL,	NULL,	NULL,	NULL,	NULL,	NULL,	NULL,	NULL,	'1',	'2025-10-31 01:08:54.901926',	1,	NULL,	NULL),
(6,	'GOBERNACIÓN DEL MAGDALENA',	'800103920-6',	2,	NULL,	NULL,	NULL,	NULL,	NULL,	NULL,	NULL,	NULL,	NULL,	'1',	'2025-10-31 01:08:54.901926',	1,	NULL,	NULL),
(7,	'MINISTERIO DE RELACIONES EXTERIORES',	'899999042-9',	1,	NULL,	NULL,	NULL,	NULL,	NULL,	NULL,	NULL,	NULL,	NULL,	'1',	'2025-10-31 01:08:54.901926',	1,	NULL,	NULL),
(8,	'AGENCIA NACIONAL DE HIDROCARBUROS',	'830127607-8',	1,	NULL,	NULL,	NULL,	NULL,	NULL,	NULL,	NULL,	NULL,	NULL,	'1',	'2025-10-31 01:08:54.901926',	1,	NULL,	NULL),
(9,	'FDL USAQUÉN',	'123456',	8,	NULL,	NULL,	NULL,	NULL,	NULL,	NULL,	NULL,	NULL,	NULL,	'1',	'2025-10-31 01:08:54.901926',	1,	NULL,	NULL),
(10,	'SUPERINTENDENCIA DE SERVICIOS PÚBLICOS DOMICILIARIOS',	'800250984',	1,	NULL,	NULL,	NULL,	NULL,	NULL,	NULL,	NULL,	NULL,	NULL,	'1',	'2025-10-31 01:08:54.901926',	1,	NULL,	NULL),
(11,	'CONCEJO DE GONZÁLEZ CONCEJO MUNICIPAL',	'824005883-9',	4,	NULL,	NULL,	NULL,	NULL,	NULL,	NULL,	NULL,	NULL,	NULL,	'1',	'2025-10-31 01:08:54.901926',	1,	NULL,	NULL),
(12,	'CLUB MILITAR',	'860016951-1',	1,	NULL,	NULL,	NULL,	NULL,	NULL,	NULL,	NULL,	NULL,	NULL,	'1',	'2025-10-31 01:08:54.901926',	1,	NULL,	NULL),
(13,	'EMPRESA DE RENOVACIÓN Y DESARROLLO URBANO DE BOGOTÁ - RENOBO',	'830144890-8',	3,	NULL,	NULL,	NULL,	NULL,	NULL,	NULL,	NULL,	NULL,	NULL,	'1',	'2025-10-31 01:08:54.901926',	1,	NULL,	NULL),
(14,	'ASOCIACIÓN COLOMBIANA DE UNIVERSIDADES - ASCUN',	'TEMP-000001',	1,	NULL,	NULL,	NULL,	NULL,	NULL,	NULL,	NULL,	NULL,	NULL,	'1',	'2025-10-31 01:09:29.131338',	1,	NULL,	NULL),
(15,	'INSTITUTO NACIONAL DE VIAS - INVIAS',	'TEMP-000002',	1,	NULL,	NULL,	NULL,	NULL,	NULL,	NULL,	NULL,	NULL,	NULL,	'1',	'2025-10-31 01:09:29.131338',	1,	NULL,	NULL),
(16,	'INSTITUTO COLOMBIANO PARA EL DESARROLLO DE LA CIENCIA Y LA TECNOLOGÍA - COLCIENCIAS',	'TEMP-000003',	1,	NULL,	NULL,	NULL,	NULL,	NULL,	NULL,	NULL,	NULL,	NULL,	'1',	'2025-10-31 01:09:29.131338',	1,	NULL,	NULL),
(17,	'MUNICIPIO DE LENGUAZAQUE (CUNDINAMARCA)',	'TEMP-000004',	4,	NULL,	NULL,	NULL,	NULL,	NULL,	NULL,	NULL,	NULL,	NULL,	'1',	'2025-10-31 01:09:29.131338',	1,	NULL,	NULL),
(18,	'CORPORACIÓN AUTÓNOMA REGIONAL DE BOYACÁ - CORPOBOYACÁ',	'TEMP-000005',	7,	NULL,	NULL,	NULL,	NULL,	NULL,	NULL,	NULL,	NULL,	NULL,	'1',	'2025-10-31 01:09:29.131338',	1,	NULL,	NULL),
(19,	'CAJA DE COMPENSACIÓN FAMILIAR - COMPENSAR',	'TEMP-000006',	5,	NULL,	NULL,	NULL,	NULL,	NULL,	NULL,	NULL,	NULL,	NULL,	'1',	'2025-10-31 01:09:29.131338',	1,	NULL,	NULL),
(20,	'MUNICIPIO DE TUMACO (NARIÑO)',	'TEMP-000007',	4,	NULL,	NULL,	NULL,	NULL,	NULL,	NULL,	NULL,	NULL,	NULL,	'1',	'2025-10-31 01:09:29.131338',	1,	NULL,	NULL),
(21,	'MUNICIPIO DE LA MESA (CUNDINAMARCA)',	'TEMP-000008',	4,	NULL,	NULL,	NULL,	NULL,	NULL,	NULL,	NULL,	NULL,	NULL,	'1',	'2025-10-31 01:09:29.131338',	1,	NULL,	NULL),
(22,	'CONTRALORÍA MUNICIPAL DE SOACHA',	'TEMP-000009',	4,	NULL,	NULL,	NULL,	NULL,	NULL,	NULL,	NULL,	NULL,	NULL,	'1',	'2025-10-31 01:09:29.131338',	1,	NULL,	NULL),
(23,	'GOBERNACIÓN DE CÓRDOBA',	'TEMP-000010',	1,	NULL,	NULL,	NULL,	NULL,	NULL,	NULL,	NULL,	NULL,	NULL,	'1',	'2025-10-31 01:09:29.131338',	1,	NULL,	NULL),
(24,	'TERMINAL DE TRANSPORTE S. A.',	'TEMP-000011',	3,	NULL,	NULL,	NULL,	NULL,	NULL,	NULL,	NULL,	NULL,	NULL,	'1',	'2025-10-31 01:09:29.131338',	1,	NULL,	NULL),
(25,	'SECRETARIA DISTRITAL DE HACIENDA',	'TEMP-000012',	3,	NULL,	NULL,	NULL,	NULL,	NULL,	NULL,	NULL,	NULL,	NULL,	'1',	'2025-10-31 01:09:29.131338',	1,	NULL,	NULL),
(26,	'CONCEJO MUNICIPAL DE MADRID',	'TEMP-000013',	4,	NULL,	NULL,	NULL,	NULL,	NULL,	NULL,	NULL,	NULL,	NULL,	'1',	'2025-10-31 01:09:29.131338',	1,	NULL,	NULL),
(27,	'EIATEC SAS',	'TEMP-000014',	1,	NULL,	NULL,	NULL,	NULL,	NULL,	NULL,	NULL,	NULL,	NULL,	'1',	'2025-10-31 01:09:29.131338',	1,	NULL,	NULL),
(28,	'UNIVERSIDAD SURCOLOMBIANA - USCO',	'TEMP-000015',	1,	NULL,	NULL,	NULL,	NULL,	NULL,	NULL,	NULL,	NULL,	NULL,	'1',	'2025-10-31 01:09:29.131338',	1,	NULL,	NULL),
(29,	'FIDUPREVISORA S.A.',	'TEMP-000016',	5,	NULL,	NULL,	NULL,	NULL,	NULL,	NULL,	NULL,	NULL,	NULL,	'1',	'2025-10-31 01:09:29.131338',	1,	NULL,	NULL),
(30,	'MUNICIPIO DE MADRID',	'TEMP-000017',	4,	NULL,	NULL,	NULL,	NULL,	NULL,	NULL,	NULL,	NULL,	NULL,	'1',	'2025-10-31 01:09:29.131338',	1,	NULL,	NULL),
(31,	'PROCURADURÍA GENERAL DE LA NACIÓN',	'TEMP-000018',	1,	NULL,	NULL,	NULL,	NULL,	NULL,	NULL,	NULL,	NULL,	NULL,	'1',	'2025-10-31 01:09:29.131338',	1,	NULL,	NULL),
(32,	'INSTITUTO COLOMBIANO DE CRÉDITO EDUCATIVO Y ESTUDIOS TÈNICOS EN EL EXTERIOR - ICETEX',	'TEMP-000019',	1,	NULL,	NULL,	NULL,	NULL,	NULL,	NULL,	NULL,	NULL,	NULL,	'1',	'2025-10-31 01:09:29.131338',	1,	NULL,	NULL),
(33,	'AGENCIA LOGÍSTICA DE LAS FUERZAS MILITARES',	'TEMP-000020',	1,	NULL,	NULL,	NULL,	NULL,	NULL,	NULL,	NULL,	NULL,	NULL,	'1',	'2025-10-31 01:09:29.131338',	1,	NULL,	NULL),
(34,	'UNIDAD NACIONAL DE PROTECCIÓN - UNP',	'TEMP-000021',	1,	NULL,	NULL,	NULL,	NULL,	NULL,	NULL,	NULL,	NULL,	NULL,	'1',	'2025-10-31 01:09:29.131338',	1,	NULL,	NULL),
(35,	'ESCUELA TECNOLÓGICA INSTITUTO TÉCNICO CENTRAL',	'TEMP-000022',	2,	NULL,	NULL,	NULL,	NULL,	NULL,	NULL,	NULL,	NULL,	NULL,	'1',	'2025-10-31 01:09:29.131338',	1,	NULL,	NULL),
(36,	'CONSEJO SUPERIOR DE LA JUDICATURA',	'TEMP-000023',	1,	NULL,	NULL,	NULL,	NULL,	NULL,	NULL,	NULL,	NULL,	NULL,	'1',	'2025-10-31 01:09:29.131338',	1,	NULL,	NULL),
(37,	'AGENCIA DE CUNDINAMARCA PARA LA PAZ Y EL POSTCONFLICTO',	'TEMP-000024',	2,	NULL,	NULL,	NULL,	NULL,	NULL,	NULL,	NULL,	NULL,	NULL,	'1',	'2025-10-31 01:09:29.131338',	1,	NULL,	NULL),
(38,	'ALCALDÍA MUNICIPAL DE CAJICÁ',	'TEMP-000025',	4,	NULL,	NULL,	NULL,	NULL,	NULL,	NULL,	NULL,	NULL,	NULL,	'1',	'2025-10-31 01:09:29.131338',	1,	NULL,	NULL),
(39,	'ALCALDÍA MUNICIPAL DE RICAURTE',	'TEMP-000026',	4,	NULL,	NULL,	NULL,	NULL,	NULL,	NULL,	NULL,	NULL,	NULL,	'1',	'2025-10-31 01:09:29.131338',	1,	NULL,	NULL),
(40,	'GOBERNACIÓN DE GUAINÍA',	'TEMP-000027',	2,	NULL,	NULL,	NULL,	NULL,	NULL,	NULL,	NULL,	NULL,	NULL,	'1',	'2025-10-31 01:09:29.131338',	1,	NULL,	NULL),
(41,	'UNIVERSIDAD PEDAGOGICA NACIONAL - UPN',	'TEMP-000028',	1,	NULL,	NULL,	NULL,	NULL,	NULL,	NULL,	NULL,	NULL,	NULL,	'1',	'2025-10-31 01:09:29.131338',	1,	NULL,	NULL),
(42,	'CORPORACIÓN RED NACIONAL ACADÉMICA DE TECNOLOGÍA AVANZADA - RENATA',	'TEMP-000029',	1,	NULL,	NULL,	NULL,	NULL,	NULL,	NULL,	NULL,	NULL,	NULL,	'1',	'2025-10-31 01:09:29.131338',	1,	NULL,	NULL),
(43,	'COOPERATIVA DE TRABAJADORES DE LA EDUCACIÓN DE CUNDINAMARCA Y DISTRITAL CAPITAL - COOTRADECUN ',	'TEMP-000030',	3,	NULL,	NULL,	NULL,	NULL,	NULL,	NULL,	NULL,	NULL,	NULL,	'1',	'2025-10-31 01:09:29.131338',	1,	NULL,	NULL),
(44,	'UNIÓN TEMPORAL CONSTRUIR 2017',	'TEMP-000031',	5,	NULL,	NULL,	NULL,	NULL,	NULL,	NULL,	NULL,	NULL,	NULL,	'1',	'2025-10-31 01:09:29.131338',	1,	NULL,	NULL),
(45,	'CONSEJO NORUEGO PARA REFUGIADOS - NRC',	'TEMP-000032',	6,	NULL,	NULL,	NULL,	NULL,	NULL,	NULL,	NULL,	NULL,	NULL,	'1',	'2025-10-31 01:09:29.131338',	1,	NULL,	NULL),
(46,	'GRUPO ENERGÍA BOGOTÁ GEB S.A.',	'TEMP-000033',	5,	NULL,	NULL,	NULL,	NULL,	NULL,	NULL,	NULL,	NULL,	NULL,	'1',	'2025-10-31 01:09:29.131338',	1,	NULL,	NULL),
(47,	'ALCALDÍA MUNICIPAL DE TOPAIPI',	'TEMP-000034',	4,	NULL,	NULL,	NULL,	NULL,	NULL,	NULL,	NULL,	NULL,	NULL,	'1',	'2025-10-31 01:09:29.131338',	1,	NULL,	NULL),
(49,	'FUERZA AEROESPACIAL COLOMBIANA',	'TEMP-000036',	1,	NULL,	NULL,	NULL,	NULL,	NULL,	NULL,	NULL,	NULL,	NULL,	'1',	'2025-10-31 01:09:29.131338',	1,	NULL,	NULL),
(50,	'CONCEJO MUNICIPAL DE CHÍA',	'TEMP-000037',	4,	NULL,	NULL,	NULL,	NULL,	NULL,	NULL,	NULL,	NULL,	NULL,	'1',	'2025-10-31 01:09:29.131338',	1,	NULL,	NULL),
(51,	'REGIÓN ADMINISTRATIVA Y DE PLANEACION ESPECIAL — RAPE',	'TEMP-000038',	1,	NULL,	NULL,	NULL,	NULL,	NULL,	NULL,	NULL,	NULL,	NULL,	'1',	'2025-10-31 01:09:29.131338',	1,	NULL,	NULL),
(52,	'DEPARTAMENTO DE CUNDINAMARCA - SECRETARÍA DE MINAS, ENERGÍA Y GAS',	'TEMP-000039',	2,	NULL,	NULL,	NULL,	NULL,	NULL,	NULL,	NULL,	NULL,	NULL,	'1',	'2025-10-31 01:09:29.131338',	1,	NULL,	NULL),
(53,	'ALCALDIA MUNICIPAL DE FUSAGASUGA',	'TEMP-000040',	4,	NULL,	NULL,	NULL,	NULL,	NULL,	NULL,	NULL,	NULL,	NULL,	'1',	'2025-10-31 01:09:29.131338',	1,	NULL,	NULL),
(54,	'DEPARTAMENTO DE CUNDINAMARCA SECRETARIA DE COMPETITIVIDAD Y DESARROLLO ECONÓMICO',	'TEMP-000041',	1,	NULL,	NULL,	NULL,	NULL,	NULL,	NULL,	NULL,	NULL,	NULL,	'1',	'2025-10-31 01:09:29.131338',	1,	NULL,	NULL),
(55,	'CONCEJO MUNICIPAL DE TOCANCIPA',	'TEMP-000042',	4,	NULL,	NULL,	NULL,	NULL,	NULL,	NULL,	NULL,	NULL,	NULL,	'1',	'2025-10-31 01:09:29.131338',	1,	NULL,	NULL),
(56,	'ASAMBLEA DEPARTAMENTAL DE BOLIVAR',	'TEMP-000043',	2,	NULL,	NULL,	NULL,	NULL,	NULL,	NULL,	NULL,	NULL,	NULL,	'1',	'2025-10-31 01:09:29.131338',	1,	NULL,	NULL),
(57,	'CONCEJO MUNICIPAL DE VILLAVICENCIO',	'TEMP-000044',	2,	NULL,	NULL,	NULL,	NULL,	NULL,	NULL,	NULL,	NULL,	NULL,	'1',	'2025-10-31 01:09:29.131338',	1,	NULL,	NULL),
(58,	'MUNICIPIO DE PIEDECUESTA',	'TEMP-000045',	4,	NULL,	NULL,	NULL,	NULL,	NULL,	NULL,	NULL,	NULL,	NULL,	'1',	'2025-10-31 01:09:29.131338',	1,	NULL,	NULL),
(59,	'GOBERNACION DE SAN ANDRES',	'TEMP-000046',	2,	NULL,	NULL,	NULL,	NULL,	NULL,	NULL,	NULL,	NULL,	NULL,	'1',	'2025-10-31 01:09:29.131338',	1,	NULL,	NULL),
(60,	'INSTITUTO MUNICIPAL PARA LA RECREACIÓN Y EL DEPORTE DE SOACHA',	'TEMP-000047',	4,	NULL,	NULL,	NULL,	NULL,	NULL,	NULL,	NULL,	NULL,	NULL,	'1',	'2025-10-31 01:09:29.131338',	1,	NULL,	NULL),
(61,	'MINISTERIO DEL TRABAJO',	'TEMP-000048',	1,	NULL,	NULL,	NULL,	NULL,	NULL,	NULL,	NULL,	NULL,	NULL,	'1',	'2025-10-31 01:09:29.131338',	1,	NULL,	NULL),
(62,	'ALCALDIA MUNICIPAL DE ZIPACÓN',	'TEMP-000049',	4,	NULL,	NULL,	NULL,	NULL,	NULL,	NULL,	NULL,	NULL,	NULL,	'1',	'2025-10-31 01:09:29.131338',	1,	NULL,	NULL),
(63,	'CONCEJO MUNICIPAL DE BELLO',	'TEMP-000050',	4,	NULL,	NULL,	NULL,	NULL,	NULL,	NULL,	NULL,	NULL,	NULL,	'1',	'2025-10-31 01:09:29.131338',	1,	NULL,	NULL),
(64,	'FUNDACIÓN MARCATO',	'TEMP-000051',	4,	NULL,	NULL,	NULL,	NULL,	NULL,	NULL,	NULL,	NULL,	NULL,	'1',	'2025-10-31 01:09:29.131338',	1,	NULL,	NULL),
(65,	'MINISTERIO DE DEFENSA NACIONAL INSTITUTO DE CASAS FISCALES DEL EJÉRCITO',	'TEMP-000052',	1,	NULL,	NULL,	NULL,	NULL,	NULL,	NULL,	NULL,	NULL,	NULL,	'1',	'2025-10-31 01:09:29.131338',	1,	NULL,	NULL),
(66,	'ASOCIACIÓN COLOMBIANA DE ACONDICIONAMIENTO DEL AIRE Y DE LA REFRIGERACIÓN - ACAIRE',	'TEMP-000053',	1,	NULL,	NULL,	NULL,	NULL,	NULL,	NULL,	NULL,	NULL,	NULL,	'1',	'2025-10-31 01:09:29.131338',	1,	NULL,	NULL),
(67,	'ALCALDÍA MUNICIPAL GACHALÁ CUNDINAMARCA',	'TEMP-000054',	4,	NULL,	NULL,	NULL,	NULL,	NULL,	NULL,	NULL,	NULL,	NULL,	'1',	'2025-10-31 01:09:29.131338',	1,	NULL,	NULL),
(68,	'ENTIDAD PRUEBA',	'TEMP-000055',	8,	NULL,	NULL,	NULL,	NULL,	NULL,	NULL,	NULL,	NULL,	NULL,	'1',	'2025-10-31 01:09:29.131338',	1,	NULL,	NULL),
(69,	'WOM NETWORK SERVICES S.A.S.',	'TEMP-000056',	1,	NULL,	NULL,	NULL,	NULL,	NULL,	NULL,	NULL,	NULL,	NULL,	'1',	'2025-10-31 01:09:29.131338',	1,	NULL,	NULL),
(70,	'CONCEJO MUNICIPAL DE ZIPAQUIRÁ',	'TEMP-000057',	4,	NULL,	NULL,	NULL,	NULL,	NULL,	NULL,	NULL,	NULL,	NULL,	'1',	'2025-10-31 01:09:29.131338',	1,	NULL,	NULL),
(142,	'VISIÓN SOFTWARE S.A.',	'TEMP-000129',	5,	NULL,	NULL,	NULL,	NULL,	NULL,	NULL,	NULL,	NULL,	NULL,	'1',	'2025-10-31 01:09:29.131338',	1,	NULL,	NULL),
(48,	'ADECCO SERVICIOS COLOMBIA S.A',	'TEMP-000035',	1,	NULL,	NULL,	NULL,	NULL,	NULL,	NULL,	NULL,	NULL,	NULL,	'1',	'2025-10-31 01:09:29.131338',	1,	'2025-12-06 01:50:26.898588',	1),
(71,	'AGENCIA DISTRITAL PARA LA EDUCACIÓN SUPERIOR, LA CIENCIA Y LA TECNOLOGÍA - ATENEA',	'TEMP-000058',	3,	NULL,	NULL,	NULL,	NULL,	NULL,	NULL,	NULL,	NULL,	NULL,	'1',	'2025-10-31 01:09:29.131338',	1,	NULL,	NULL),
(72,	'UNIDAD ADMINISTRATIVA ESPECIAL DE UNIDAD SOLIDARIA',	'TEMP-000059',	1,	NULL,	NULL,	NULL,	NULL,	NULL,	NULL,	NULL,	NULL,	NULL,	'1',	'2025-10-31 01:09:29.131338',	1,	NULL,	NULL),
(73,	'CONCEJO MUNICIPAL DE BARBACOAS',	'TEMP-000060',	4,	NULL,	NULL,	NULL,	NULL,	NULL,	NULL,	NULL,	NULL,	NULL,	'1',	'2025-10-31 01:09:29.131338',	1,	NULL,	NULL),
(74,	'CONCEJO MUNICIPAL DE TUMACO',	'TEMP-000061',	4,	NULL,	NULL,	NULL,	NULL,	NULL,	NULL,	NULL,	NULL,	NULL,	'1',	'2025-10-31 01:09:29.131338',	1,	NULL,	NULL),
(75,	'ALCALDÍA MUNICIPAL DE SOACHA',	'TEMP-000062',	4,	NULL,	NULL,	NULL,	NULL,	NULL,	NULL,	NULL,	NULL,	NULL,	'1',	'2025-10-31 01:09:29.131338',	1,	NULL,	NULL),
(76,	'CONCEJO MUNICIPAL DE LA PAZ CESAR',	'TEMP-000063',	4,	NULL,	NULL,	NULL,	NULL,	NULL,	NULL,	NULL,	NULL,	NULL,	'1',	'2025-10-31 01:09:29.131338',	1,	NULL,	NULL),
(77,	'CONCEJO MUNICIPAL DE CARMEN DE APICALA',	'TEMP-000064',	4,	NULL,	NULL,	NULL,	NULL,	NULL,	NULL,	NULL,	NULL,	NULL,	'1',	'2025-10-31 01:09:29.131338',	1,	NULL,	NULL),
(78,	'FDL CHAPINERO',	'TEMP-000065',	8,	NULL,	NULL,	NULL,	NULL,	NULL,	NULL,	NULL,	NULL,	NULL,	'1',	'2025-10-31 01:09:29.131338',	1,	NULL,	NULL),
(79,	'FDL SANTA FE',	'TEMP-000066',	8,	NULL,	NULL,	NULL,	NULL,	NULL,	NULL,	NULL,	NULL,	NULL,	'1',	'2025-10-31 01:09:29.131338',	1,	NULL,	NULL),
(80,	'FDL SAN CRISTOBAL',	'TEMP-000067',	8,	NULL,	NULL,	NULL,	NULL,	NULL,	NULL,	NULL,	NULL,	NULL,	'1',	'2025-10-31 01:09:29.131338',	1,	NULL,	NULL),
(81,	'FDL USME',	'TEMP-000068',	8,	NULL,	NULL,	NULL,	NULL,	NULL,	NULL,	NULL,	NULL,	NULL,	'1',	'2025-10-31 01:09:29.131338',	1,	NULL,	NULL),
(82,	'FDL TUNJUELITO',	'TEMP-000069',	8,	NULL,	NULL,	NULL,	NULL,	NULL,	NULL,	NULL,	NULL,	NULL,	'1',	'2025-10-31 01:09:29.131338',	1,	NULL,	NULL),
(83,	'FDL BOSA',	'TEMP-000070',	8,	NULL,	NULL,	NULL,	NULL,	NULL,	NULL,	NULL,	NULL,	NULL,	'1',	'2025-10-31 01:09:29.131338',	1,	NULL,	NULL),
(84,	'FDL KENNEDY',	'TEMP-000071',	8,	NULL,	NULL,	NULL,	NULL,	NULL,	NULL,	NULL,	NULL,	NULL,	'1',	'2025-10-31 01:09:29.131338',	1,	NULL,	NULL),
(85,	'FDL FONTIBÓN',	'TEMP-000072',	8,	NULL,	NULL,	NULL,	NULL,	NULL,	NULL,	NULL,	NULL,	NULL,	'1',	'2025-10-31 01:09:29.131338',	1,	NULL,	NULL),
(86,	'FDL ENGATIVA',	'TEMP-000073',	8,	NULL,	NULL,	NULL,	NULL,	NULL,	NULL,	NULL,	NULL,	NULL,	'1',	'2025-10-31 01:09:29.131338',	1,	NULL,	NULL),
(87,	'FDL SUBA',	'TEMP-000074',	8,	NULL,	NULL,	NULL,	NULL,	NULL,	NULL,	NULL,	NULL,	NULL,	'1',	'2025-10-31 01:09:29.131338',	1,	NULL,	NULL),
(88,	'FDL BARRIOS UNIDOS',	'TEMP-000075',	8,	NULL,	NULL,	NULL,	NULL,	NULL,	NULL,	NULL,	NULL,	NULL,	'1',	'2025-10-31 01:09:29.131338',	1,	NULL,	NULL),
(89,	'FDL TEUSAQUILLO',	'TEMP-000076',	8,	NULL,	NULL,	NULL,	NULL,	NULL,	NULL,	NULL,	NULL,	NULL,	'1',	'2025-10-31 01:09:29.131338',	1,	NULL,	NULL),
(90,	'FDL LOS MARTIRES',	'TEMP-000077',	8,	NULL,	NULL,	NULL,	NULL,	NULL,	NULL,	NULL,	NULL,	NULL,	'1',	'2025-10-31 01:09:29.131338',	1,	NULL,	NULL),
(91,	'FDL ANTONIO NARIÑO',	'TEMP-000078',	8,	NULL,	NULL,	NULL,	NULL,	NULL,	NULL,	NULL,	NULL,	NULL,	'1',	'2025-10-31 01:09:29.131338',	1,	NULL,	NULL),
(92,	'FDL PUENTE ARANDA',	'TEMP-000079',	8,	NULL,	NULL,	NULL,	NULL,	NULL,	NULL,	NULL,	NULL,	NULL,	'1',	'2025-10-31 01:09:29.131338',	1,	NULL,	NULL),
(93,	'FDL CANDELARIA',	'TEMP-000080',	8,	NULL,	NULL,	NULL,	NULL,	NULL,	NULL,	NULL,	NULL,	NULL,	'1',	'2025-10-31 01:09:29.131338',	1,	NULL,	NULL),
(94,	'FDL RAFAEL URIBE URIBE',	'TEMP-000081',	8,	NULL,	NULL,	NULL,	NULL,	NULL,	NULL,	NULL,	NULL,	NULL,	'1',	'2025-10-31 01:09:29.131338',	1,	NULL,	NULL),
(95,	'FDL CIUDAD BOLIVAR',	'TEMP-000082',	8,	NULL,	NULL,	NULL,	NULL,	NULL,	NULL,	NULL,	NULL,	NULL,	'1',	'2025-10-31 01:09:29.131338',	1,	NULL,	NULL),
(96,	'FDL SUMAPAZ',	'TEMP-000083',	8,	NULL,	NULL,	NULL,	NULL,	NULL,	NULL,	NULL,	NULL,	NULL,	'1',	'2025-10-31 01:09:29.131338',	1,	NULL,	NULL),
(97,	'ASAMBLEA DEPARTAMENTAL DE BOYACA',	'TEMP-000084',	2,	NULL,	NULL,	NULL,	NULL,	NULL,	NULL,	NULL,	NULL,	NULL,	'1',	'2025-10-31 01:09:29.131338',	1,	NULL,	NULL),
(98,	'GOBERNACIÓN DE BOYACÁ',	'TEMP-000085',	1,	NULL,	NULL,	NULL,	NULL,	NULL,	NULL,	NULL,	NULL,	NULL,	'1',	'2025-10-31 01:09:29.131338',	1,	NULL,	NULL),
(99,	'COMPUTADORES PARA EDUCAR',	'TEMP-000086',	1,	NULL,	NULL,	NULL,	NULL,	NULL,	NULL,	NULL,	NULL,	NULL,	'1',	'2025-10-31 01:09:29.131338',	1,	NULL,	NULL),
(100,	'SECRETARÍA DISTRITAL DE PLANEACIÓN',	'TEMP-000087',	3,	NULL,	NULL,	NULL,	NULL,	NULL,	NULL,	NULL,	NULL,	NULL,	'1',	'2025-10-31 01:09:29.131338',	1,	NULL,	NULL),
(101,	'UNIVERSIDAD DE LOS LLANOS',	'TEMP-000088',	1,	NULL,	NULL,	NULL,	NULL,	NULL,	NULL,	NULL,	NULL,	NULL,	'1',	'2025-10-31 01:09:29.131338',	1,	NULL,	NULL),
(102,	'SECRETARÍA DE EDUCACION DEL DISTRITO - SED',	'TEMP-000089',	3,	NULL,	NULL,	NULL,	NULL,	NULL,	NULL,	NULL,	NULL,	NULL,	'1',	'2025-10-31 01:09:29.131338',	1,	NULL,	NULL),
(103,	'UNIVERSIDAD LIBRE',	'TEMP-000090',	1,	NULL,	NULL,	NULL,	NULL,	NULL,	NULL,	NULL,	NULL,	NULL,	'1',	'2025-10-31 01:09:29.131338',	1,	NULL,	NULL),
(104,	'INSTITUTO DISTRITAL DE LA PARTICIPACION Y LA ACCION COMUNAL - IDPAC',	'TEMP-000091',	3,	NULL,	NULL,	NULL,	NULL,	NULL,	NULL,	NULL,	NULL,	NULL,	'1',	'2025-10-31 01:09:29.131338',	1,	NULL,	NULL),
(105,	'FONDO FINANCIERO DISTRITAL DE SALUD - SDS',	'TEMP-000092',	3,	NULL,	NULL,	NULL,	NULL,	NULL,	NULL,	NULL,	NULL,	NULL,	'1',	'2025-10-31 01:09:29.131338',	1,	NULL,	NULL),
(106,	'INSTITUTO  PARA LA INVESTIGACIÓN EDUCATIVA Y EL  DESARROLLO PEDAGÓGICO - IDEP',	'TEMP-000093',	3,	NULL,	NULL,	NULL,	NULL,	NULL,	NULL,	NULL,	NULL,	NULL,	'1',	'2025-10-31 01:09:29.131338',	1,	NULL,	NULL),
(107,	'CAJA DE VIVIENDA POPULAR',	'TEMP-000094',	3,	NULL,	NULL,	NULL,	NULL,	NULL,	NULL,	NULL,	NULL,	NULL,	'1',	'2025-10-31 01:09:29.131338',	1,	NULL,	NULL),
(108,	'CONCEJO MUNICIPAL DE FACATATIVA',	'TEMP-000095',	4,	NULL,	NULL,	NULL,	NULL,	NULL,	NULL,	NULL,	NULL,	NULL,	'1',	'2025-10-31 01:09:29.131338',	1,	NULL,	NULL),
(109,	'MINISTERIO DEL INTERIOR Y JUSTICIA',	'TEMP-000096',	1,	NULL,	NULL,	NULL,	NULL,	NULL,	NULL,	NULL,	NULL,	NULL,	'1',	'2025-10-31 01:09:29.131338',	1,	NULL,	NULL),
(110,	'EMPRESA DE TRANSPORTE DEL TERCER MILENIO - TRANSMILENIO  S.A.',	'TEMP-000097',	3,	NULL,	NULL,	NULL,	NULL,	NULL,	NULL,	NULL,	NULL,	NULL,	'1',	'2025-10-31 01:09:29.131338',	1,	NULL,	NULL),
(111,	'FONDO DE PREVENCIÓN Y ATENCIÓN DE EMERGENCIAS',	'TEMP-000098',	1,	NULL,	NULL,	NULL,	NULL,	NULL,	NULL,	NULL,	NULL,	NULL,	'1',	'2025-10-31 01:09:29.131338',	1,	NULL,	NULL),
(112,	'FONDO DE VIGILANCIA Y SEGURIDAD',	'TEMP-000099',	1,	NULL,	NULL,	NULL,	NULL,	NULL,	NULL,	NULL,	NULL,	NULL,	'1',	'2025-10-31 01:09:29.131338',	1,	NULL,	NULL),
(113,	'INSTITUTO DE DESARROLLO URBANO - I.D.U.',	'TEMP-000100',	3,	NULL,	NULL,	NULL,	NULL,	NULL,	NULL,	NULL,	NULL,	NULL,	'1',	'2025-10-31 01:09:29.131338',	1,	NULL,	NULL),
(114,	'INSTITUTO DISTRITAL DE RECREACIÓN Y DEPORTE -  IDRD',	'TEMP-000101',	3,	NULL,	NULL,	NULL,	NULL,	NULL,	NULL,	NULL,	NULL,	NULL,	'1',	'2025-10-31 01:09:29.131338',	1,	NULL,	NULL),
(115,	'INSTITUTO DISTRITAL DE TURISMO',	'TEMP-000102',	3,	NULL,	NULL,	NULL,	NULL,	NULL,	NULL,	NULL,	NULL,	NULL,	'1',	'2025-10-31 01:09:29.131338',	1,	NULL,	NULL),
(116,	'INSTITUO DISTRITAL DEL PATRIMONIO CULTURAL I.D.P.C',	'TEMP-000103',	3,	NULL,	NULL,	NULL,	NULL,	NULL,	NULL,	NULL,	NULL,	NULL,	'1',	'2025-10-31 01:09:29.131338',	1,	NULL,	NULL),
(117,	'INSTITUTO DISTRITAL PARA LA PROTECCIÓN DE LA NIÑEZ Y LA JUVENTUD - IDIPRON',	'TEMP-000104',	3,	NULL,	NULL,	NULL,	NULL,	NULL,	NULL,	NULL,	NULL,	NULL,	'1',	'2025-10-31 01:09:29.131338',	1,	NULL,	NULL),
(118,	'INSTITUTO PARA LA ECONOMÍA SOCIAL - IPES',	'TEMP-000105',	3,	NULL,	NULL,	NULL,	NULL,	NULL,	NULL,	NULL,	NULL,	NULL,	'1',	'2025-10-31 01:09:29.131338',	1,	NULL,	NULL),
(119,	'JARDÍN BOTÁNICO JOSÉ CELESTINO MUTIS',	'TEMP-000106',	3,	NULL,	NULL,	NULL,	NULL,	NULL,	NULL,	NULL,	NULL,	NULL,	'1',	'2025-10-31 01:09:29.131338',	1,	NULL,	NULL),
(120,	'METROVIVIENDA',	'TEMP-000107',	1,	NULL,	NULL,	NULL,	NULL,	NULL,	NULL,	NULL,	NULL,	NULL,	'1',	'2025-10-31 01:09:29.131338',	1,	NULL,	NULL),
(121,	'SECRETARÍA DISTRITAL DE GOBIERNO',	'TEMP-000108',	3,	NULL,	NULL,	NULL,	NULL,	NULL,	NULL,	NULL,	NULL,	NULL,	'1',	'2025-10-31 01:09:29.131338',	1,	NULL,	NULL),
(122,	'SECRETARÍA DISTRITAL DE SALUD',	'TEMP-000109',	3,	NULL,	NULL,	NULL,	NULL,	NULL,	NULL,	NULL,	NULL,	NULL,	'1',	'2025-10-31 01:09:29.131338',	1,	NULL,	NULL),
(123,	'SECRETARÍA DISTRITAL DE AMBIENTE',	'TEMP-000110',	3,	NULL,	NULL,	NULL,	NULL,	NULL,	NULL,	NULL,	NULL,	NULL,	'1',	'2025-10-31 01:09:29.131338',	1,	NULL,	NULL),
(124,	'SECRETARÍA DISTRITAL DE CULTURA, RECREACIÓN Y DEPORTE',	'TEMP-000111',	3,	NULL,	NULL,	NULL,	NULL,	NULL,	NULL,	NULL,	NULL,	NULL,	'1',	'2025-10-31 01:09:29.131338',	1,	NULL,	NULL),
(125,	'SECRETARÍA DISTRITAL DE DESARROLLO ECONÓMICO ',	'TEMP-000112',	3,	NULL,	NULL,	NULL,	NULL,	NULL,	NULL,	NULL,	NULL,	NULL,	'1',	'2025-10-31 01:09:29.131338',	1,	NULL,	NULL),
(126,	'SECRETARÍA DISTRITAL DEL HÁBITAT',	'TEMP-000113',	3,	NULL,	NULL,	NULL,	NULL,	NULL,	NULL,	NULL,	NULL,	NULL,	'1',	'2025-10-31 01:09:29.131338',	1,	NULL,	NULL),
(127,	'SECRETARÍA DISTRITAL DE INTEGRACIÓN SOCIAL',	'TEMP-000114',	3,	NULL,	NULL,	NULL,	NULL,	NULL,	NULL,	NULL,	NULL,	NULL,	'1',	'2025-10-31 01:09:29.131338',	1,	NULL,	NULL),
(128,	'SECRETARÍA DISTRITAL DE MOVILIDAD',	'TEMP-000115',	3,	NULL,	NULL,	NULL,	NULL,	NULL,	NULL,	NULL,	NULL,	NULL,	'1',	'2025-10-31 01:09:29.131338',	1,	NULL,	NULL),
(129,	'GAS NATURAL S.A. - E.S.P.',	'TEMP-000116',	1,	NULL,	NULL,	NULL,	NULL,	NULL,	NULL,	NULL,	NULL,	NULL,	'1',	'2025-10-31 01:09:29.131338',	1,	NULL,	NULL),
(130,	'SERVICIO NACIONAL DE APRENDIZAJE - SENA',	'TEMP-000117',	1,	NULL,	NULL,	NULL,	NULL,	NULL,	NULL,	NULL,	NULL,	NULL,	'1',	'2025-10-31 01:09:29.131338',	1,	NULL,	NULL),
(131,	'AERONAUTICA CIVIL',	'TEMP-000118',	1,	NULL,	NULL,	NULL,	NULL,	NULL,	NULL,	NULL,	NULL,	NULL,	'1',	'2025-10-31 01:09:29.131338',	1,	NULL,	NULL),
(132,	'HOSPITAL DEL SUR',	'TEMP-000119',	1,	NULL,	NULL,	NULL,	NULL,	NULL,	NULL,	NULL,	NULL,	NULL,	'1',	'2025-10-31 01:09:29.131338',	1,	NULL,	NULL),
(133,	'UNIVERSIDAD DISTRITAL FRANCISCO JOSÉ DE CALDAS - UD',	'TEMP-000120',	3,	NULL,	NULL,	NULL,	NULL,	NULL,	NULL,	NULL,	NULL,	NULL,	'1',	'2025-10-31 01:09:29.131338',	1,	NULL,	NULL),
(134,	'MUNICIPIO DE CASTILLA LA NUEVA (META)',	'TEMP-000121',	4,	NULL,	NULL,	NULL,	NULL,	NULL,	NULL,	NULL,	NULL,	NULL,	'1',	'2025-10-31 01:09:29.131338',	1,	NULL,	NULL),
(135,	'DEPARTAMENTO ADMINISTRATIVO DE CATASTRO DISTRITAL',	'TEMP-000122',	3,	NULL,	NULL,	NULL,	NULL,	NULL,	NULL,	NULL,	NULL,	NULL,	'1',	'2025-10-31 01:09:29.131338',	1,	NULL,	NULL),
(136,	'EMPRESA DE TELECOMUNICACIONES DE BOGOTA - E.T.B.',	'TEMP-000123',	3,	NULL,	NULL,	NULL,	NULL,	NULL,	NULL,	NULL,	NULL,	NULL,	'1',	'2025-10-31 01:09:29.131338',	1,	NULL,	NULL),
(137,	'CORPORACIÓN PARA LA INVESTIGACIÓN EL DESARROLLO SOSTENIBLE Y LA PROMOCIÓN SOCIAL - CORPROGRESO',	'TEMP-000124',	5,	NULL,	NULL,	NULL,	NULL,	NULL,	NULL,	NULL,	NULL,	NULL,	'1',	'2025-10-31 01:09:29.131338',	1,	NULL,	NULL),
(138,	'ESCUELA NORMAL SUPERIOR MARIA MONTESORI - BOGOTÁ',	'TEMP-000125',	5,	NULL,	NULL,	NULL,	NULL,	NULL,	NULL,	NULL,	NULL,	NULL,	'1',	'2025-10-31 01:09:29.131338',	1,	NULL,	NULL),
(139,	'EMPRESA DE ENERGIA DE ARAUCA - ENELAR E.S.P.',	'TEMP-000126',	1,	NULL,	NULL,	NULL,	NULL,	NULL,	NULL,	NULL,	NULL,	NULL,	'1',	'2025-10-31 01:09:29.131338',	1,	NULL,	NULL),
(140,	'INSTITUTO DE DESARROLLO DEL META - IDM',	'TEMP-000127',	1,	NULL,	NULL,	NULL,	NULL,	NULL,	NULL,	NULL,	NULL,	NULL,	'1',	'2025-10-31 01:09:29.131338',	1,	NULL,	NULL),
(141,	'HOSPITAL DEPARTAMENTAL SAN JUAN DE DIOS - VICHADA',	'TEMP-000128',	1,	NULL,	NULL,	NULL,	NULL,	NULL,	NULL,	NULL,	NULL,	NULL,	'1',	'2025-10-31 01:09:29.131338',	1,	NULL,	NULL),
(143,	'GOBERNACIÓN DE CASANARE',	'TEMP-000130',	1,	NULL,	NULL,	NULL,	NULL,	NULL,	NULL,	NULL,	NULL,	NULL,	'1',	'2025-10-31 01:09:29.131338',	1,	NULL,	NULL),
(144,	'CORPORACIÓN DE DESARROLLO Y PAZ DEL MAGDELENA MEDIO',	'TEMP-000131',	1,	NULL,	NULL,	NULL,	NULL,	NULL,	NULL,	NULL,	NULL,	NULL,	'1',	'2025-10-31 01:09:29.131338',	1,	NULL,	NULL),
(145,	'PERSONERÍA DE BOGOTÁ',	'TEMP-000132',	3,	NULL,	NULL,	NULL,	NULL,	NULL,	NULL,	NULL,	NULL,	NULL,	'1',	'2025-10-31 01:09:29.131338',	1,	NULL,	NULL),
(146,	'UNIDAD DE APOYO NACIONAL Y REGIONAL - UANNR',	'TEMP-000133',	1,	NULL,	NULL,	NULL,	NULL,	NULL,	NULL,	NULL,	NULL,	NULL,	'1',	'2025-10-31 01:09:29.131338',	1,	NULL,	NULL),
(147,	'UNIVERSIDAD DE LA SABANA',	'TEMP-000134',	1,	NULL,	NULL,	NULL,	NULL,	NULL,	NULL,	NULL,	NULL,	NULL,	'1',	'2025-10-31 01:09:29.131338',	1,	NULL,	NULL),
(148,	'MINISTERIO DE JUSTICIA',	'TEMP-000135',	1,	NULL,	NULL,	NULL,	NULL,	NULL,	NULL,	NULL,	NULL,	NULL,	'1',	'2025-10-31 01:09:29.131338',	1,	NULL,	NULL),
(149,	'DEPARTAMENTO DEL VICHADA',	'TEMP-000136',	2,	NULL,	NULL,	NULL,	NULL,	NULL,	NULL,	NULL,	NULL,	NULL,	'1',	'2025-10-31 01:09:29.131338',	1,	NULL,	NULL),
(150,	'FUNDACIÓN MCKENZIE',	'TEMP-000137',	1,	NULL,	NULL,	NULL,	NULL,	NULL,	NULL,	NULL,	NULL,	NULL,	'1',	'2025-10-31 01:09:29.131338',	1,	NULL,	NULL),
(151,	'MINISTERIO DE EDUCACIÓN NACIONAL',	'TEMP-000138',	1,	NULL,	NULL,	NULL,	NULL,	NULL,	NULL,	NULL,	NULL,	NULL,	'1',	'2025-10-31 01:09:29.131338',	1,	NULL,	NULL),
(152,	'MINISTERIO DE AGRICULTURA Y DESARROLLO RURAL',	'TEMP-000139',	1,	NULL,	NULL,	NULL,	NULL,	NULL,	NULL,	NULL,	NULL,	NULL,	'1',	'2025-10-31 01:09:29.131338',	1,	NULL,	NULL),
(153,	'INSTITUTO MUNICIPAL DE CULTURA Y TURISMO DE MADRID',	'TEMP-000140',	4,	NULL,	NULL,	NULL,	NULL,	NULL,	NULL,	NULL,	NULL,	NULL,	'1',	'2025-10-31 01:09:29.131338',	1,	NULL,	NULL),
(154,	'GOBERNACIÓN DEL PUTUMAYO',	'TEMP-000141',	1,	NULL,	NULL,	NULL,	NULL,	NULL,	NULL,	NULL,	NULL,	NULL,	'1',	'2025-10-31 01:09:29.131338',	1,	NULL,	NULL),
(155,	'GOBERNACION DEL VAUPES',	'TEMP-000142',	2,	NULL,	NULL,	NULL,	NULL,	NULL,	NULL,	NULL,	NULL,	NULL,	'1',	'2025-10-31 01:09:29.131338',	1,	NULL,	NULL),
(156,	'ALCALDÍA MAYOR DE BOGOTÁ',	'TEMP-000143',	3,	NULL,	NULL,	NULL,	NULL,	NULL,	NULL,	NULL,	NULL,	NULL,	'1',	'2025-10-31 01:09:29.131338',	1,	NULL,	NULL),
(157,	'GOBERNACIÓN DEL ARAUCA',	'TEMP-000144',	2,	NULL,	NULL,	NULL,	NULL,	NULL,	NULL,	NULL,	NULL,	NULL,	'1',	'2025-10-31 01:09:29.131338',	1,	NULL,	NULL),
(158,	'GOBERNACIÓN DE CUNDINAMARCA',	'TEMP-000145',	2,	NULL,	NULL,	NULL,	NULL,	NULL,	NULL,	NULL,	NULL,	NULL,	'1',	'2025-10-31 01:09:29.131338',	1,	NULL,	NULL),
(159,	'MUNICIPIO DE PULI (CUNDINAMARCA)',	'TEMP-000146',	4,	NULL,	NULL,	NULL,	NULL,	NULL,	NULL,	NULL,	NULL,	NULL,	'1',	'2025-10-31 01:09:29.131338',	1,	NULL,	NULL),
(160,	'MINISTERIO DEL MEDIO AMBIENTE Y DESARROLLO SOSTENIBLE',	'TEMP-000147',	1,	NULL,	NULL,	NULL,	NULL,	NULL,	NULL,	NULL,	NULL,	NULL,	'1',	'2025-10-31 01:09:29.131338',	1,	NULL,	NULL),
(161,	'CONTRALORÍA DE BOGOTÁ',	'TEMP-000148',	3,	NULL,	NULL,	NULL,	NULL,	NULL,	NULL,	NULL,	NULL,	NULL,	'1',	'2025-10-31 01:09:29.131338',	1,	NULL,	NULL),
(162,	'SERVICIO GEOLÓGICO COLOMBIANO',	'TEMP-000149',	1,	NULL,	NULL,	NULL,	NULL,	NULL,	NULL,	NULL,	NULL,	NULL,	'1',	'2025-10-31 01:09:29.131338',	1,	NULL,	NULL),
(163,	'ASAMBLEA DEPARTAMENTAL DE CUNDINAMARCA',	'TEMP-000150',	2,	NULL,	NULL,	NULL,	NULL,	NULL,	NULL,	NULL,	NULL,	NULL,	'1',	'2025-10-31 01:09:29.131338',	1,	NULL,	NULL),
(164,	'MUNICIPIO DE NARIÑO (CUNDINAMARCA)',	'TEMP-000151',	4,	NULL,	NULL,	NULL,	NULL,	NULL,	NULL,	NULL,	NULL,	NULL,	'1',	'2025-10-31 01:09:29.131338',	1,	NULL,	NULL),
(165,	'MUNICIPIO DE CHÍA (CUNDINAMARCA)',	'TEMP-000152',	4,	NULL,	NULL,	NULL,	NULL,	NULL,	NULL,	NULL,	NULL,	NULL,	'1',	'2025-10-31 01:09:29.131338',	1,	NULL,	NULL),
(166,	'GOBERNACION DEL CAQUETA',	'TEMP-000153',	2,	NULL,	NULL,	NULL,	NULL,	NULL,	NULL,	NULL,	NULL,	NULL,	'1',	'2025-10-31 01:09:29.131338',	1,	NULL,	NULL),
(167,	'CORPORACION AUTONOMA REGIONAL DE CUNDINAMARCA - CAR',	'TEMP-000154',	7,	NULL,	NULL,	NULL,	NULL,	NULL,	NULL,	NULL,	NULL,	NULL,	'1',	'2025-10-31 01:09:29.131338',	1,	NULL,	NULL),
(168,	'AGENCIA NACIONAL DE DEFENSA JURÍDICA DEL ESTADO',	'TEMP-000155',	1,	NULL,	NULL,	NULL,	NULL,	NULL,	NULL,	NULL,	NULL,	NULL,	'1',	'2025-10-31 01:09:29.131338',	1,	NULL,	NULL),
(169,	'GOBERNACIÓN DEL HUILA',	'TEMP-000156',	1,	NULL,	NULL,	NULL,	NULL,	NULL,	NULL,	NULL,	NULL,	NULL,	'1',	'2025-10-31 01:09:29.131338',	1,	NULL,	NULL),
(170,	'DEPARTAMENTO DE SALUD DE CUNDINAMARCA',	'TEMP-000157',	2,	NULL,	NULL,	NULL,	NULL,	NULL,	NULL,	NULL,	NULL,	NULL,	'1',	'2025-10-31 01:09:29.131338',	1,	NULL,	NULL),
(171,	'GOBERNACIÓN DE NARIÑO',	'TEMP-000158',	1,	NULL,	NULL,	NULL,	NULL,	NULL,	NULL,	NULL,	NULL,	NULL,	'1',	'2025-10-31 01:09:29.131338',	1,	NULL,	NULL),
(172,	'CORPORACIÓN AUTÓNOMA REGIONAL DE CHIVOR - CORPOCHIVOR',	'TEMP-000159',	7,	NULL,	NULL,	NULL,	NULL,	NULL,	NULL,	NULL,	NULL,	NULL,	'1',	'2025-10-31 01:09:29.131338',	1,	NULL,	NULL),
(173,	'MUNICIPIO DE FACATATIVA (CUNDINAMARCA)',	'TEMP-000160',	4,	NULL,	NULL,	NULL,	NULL,	NULL,	NULL,	NULL,	NULL,	NULL,	'1',	'2025-10-31 01:09:29.131338',	1,	NULL,	NULL),
(174,	'CORPORACIÓN AUTÓNOMA REGIONAL DEL TOLIMA - CORTOLIMA',	'TEMP-000161',	7,	NULL,	NULL,	NULL,	NULL,	NULL,	NULL,	NULL,	NULL,	NULL,	'1',	'2025-10-31 01:09:29.131338',	1,	NULL,	NULL),
(175,	'EMPRESA AGUAS DE BOGOTÁ S.A E.S.P',	'TEMP-000162',	3,	NULL,	NULL,	NULL,	NULL,	NULL,	NULL,	NULL,	NULL,	NULL,	'1',	'2025-10-31 01:09:29.131338',	1,	NULL,	NULL),
(176,	'MUNICIPIO DE VILLAPINZÓN (CUNDINAMARCA)',	'TEMP-000163',	4,	NULL,	NULL,	NULL,	NULL,	NULL,	NULL,	NULL,	NULL,	NULL,	'1',	'2025-10-31 01:09:29.131338',	1,	NULL,	NULL),
(177,	'MUNICIPIO DE TOCAIMA (CUNDINAMARCA)',	'TEMP-000164',	4,	NULL,	NULL,	NULL,	NULL,	NULL,	NULL,	NULL,	NULL,	NULL,	'1',	'2025-10-31 01:09:29.131338',	1,	NULL,	NULL),
(178,	'MUNICIPIO DE SIBATÉ (CUNDINAMARCA)',	'TEMP-000165',	4,	NULL,	NULL,	NULL,	NULL,	NULL,	NULL,	NULL,	NULL,	NULL,	'1',	'2025-10-31 01:09:29.131338',	1,	NULL,	NULL),
(179,	'MUNICIPIO DE TAUSA (CUNDINAMARCA)',	'TEMP-000166',	4,	NULL,	NULL,	NULL,	NULL,	NULL,	NULL,	NULL,	NULL,	NULL,	'1',	'2025-10-31 01:09:29.131338',	1,	NULL,	NULL),
(180,	'MUNICIPIO DE SUESCA (CUNDINAMARCA)',	'TEMP-000167',	4,	NULL,	NULL,	NULL,	NULL,	NULL,	NULL,	NULL,	NULL,	NULL,	'1',	'2025-10-31 01:09:29.131338',	1,	NULL,	NULL),
(181,	'MUNICIPIO DE AGUA DE DIOS (CUNDINAMARCA)',	'TEMP-000168',	4,	NULL,	NULL,	NULL,	NULL,	NULL,	NULL,	NULL,	NULL,	NULL,	'1',	'2025-10-31 01:09:29.131338',	1,	NULL,	NULL),
(182,	'MUNICIPIO DE ANAPOIMA (CUNDINAMARCA)',	'TEMP-000169',	4,	NULL,	NULL,	NULL,	NULL,	NULL,	NULL,	NULL,	NULL,	NULL,	'1',	'2025-10-31 01:09:29.131338',	1,	NULL,	NULL),
(183,	'MUNICIPIO DE CHOACHI (CUNDINAMARCA)',	'TEMP-000170',	4,	NULL,	NULL,	NULL,	NULL,	NULL,	NULL,	NULL,	NULL,	NULL,	'1',	'2025-10-31 01:09:29.131338',	1,	NULL,	NULL),
(184,	'MUNICIPIO DE SUBACHOQUE (CUNDINAMARCA)',	'TEMP-000171',	4,	NULL,	NULL,	NULL,	NULL,	NULL,	NULL,	NULL,	NULL,	NULL,	'1',	'2025-10-31 01:09:29.131338',	1,	NULL,	NULL),
(185,	'MUNICIPIO DE COGUA (CUNDINAMARCA)',	'TEMP-000172',	4,	NULL,	NULL,	NULL,	NULL,	NULL,	NULL,	NULL,	NULL,	NULL,	'1',	'2025-10-31 01:09:29.131338',	1,	NULL,	NULL),
(186,	'MUNICIPIO DE SILVANIA (CUNDINAMARCA)',	'TEMP-000173',	4,	NULL,	NULL,	NULL,	NULL,	NULL,	NULL,	NULL,	NULL,	NULL,	'1',	'2025-10-31 01:09:29.131338',	1,	NULL,	NULL),
(187,	'MUNICIPIO DE SUPATA (CUNDINAMARCA)',	'TEMP-000174',	4,	NULL,	NULL,	NULL,	NULL,	NULL,	NULL,	NULL,	NULL,	NULL,	'1',	'2025-10-31 01:09:29.131338',	1,	NULL,	NULL),
(188,	'CORPORACIÓN AUTÓNOMA REGIONAL DE LA GUAJIRA - CORPOGUAJIRA',	'TEMP-000175',	7,	NULL,	NULL,	NULL,	NULL,	NULL,	NULL,	NULL,	NULL,	NULL,	'1',	'2025-10-31 01:09:29.131338',	1,	NULL,	NULL),
(189,	'CORPORACIÓN AUTÓNOMA REGIONAL DEL MAGDALENA - CORPAMAG',	'TEMP-000176',	7,	NULL,	NULL,	NULL,	NULL,	NULL,	NULL,	NULL,	NULL,	NULL,	'1',	'2025-10-31 01:09:29.131338',	1,	NULL,	NULL),
(190,	'CORPORACIÓN AUTÓNOMA REGIONAL DEL QUINDÍO - CRQ',	'TEMP-000177',	7,	NULL,	NULL,	NULL,	NULL,	NULL,	NULL,	NULL,	NULL,	NULL,	'1',	'2025-10-31 01:09:29.131338',	1,	NULL,	NULL),
(191,	'CORPORACIÓN AUTÓNOMA REGIONAL DE CALDAS - CORPOCALDAS',	'TEMP-000178',	7,	NULL,	NULL,	NULL,	NULL,	NULL,	NULL,	NULL,	NULL,	NULL,	'1',	'2025-10-31 01:09:29.131338',	1,	NULL,	NULL),
(192,	'MUNICIPIO DE VIOTA (CUNDINAMARCA)',	'TEMP-000179',	4,	NULL,	NULL,	NULL,	NULL,	NULL,	NULL,	NULL,	NULL,	NULL,	'1',	'2025-10-31 01:09:29.131338',	1,	NULL,	NULL),
(193,	'MUNICIPIO DE CHIPAQUE (CUNDINAMARCA)',	'TEMP-000180',	4,	NULL,	NULL,	NULL,	NULL,	NULL,	NULL,	NULL,	NULL,	NULL,	'1',	'2025-10-31 01:09:29.131338',	1,	NULL,	NULL),
(194,	'DIRECCIÓN DE IMPUESTOS Y ADUANAS NACIONALES - DIAN',	'TEMP-000181',	1,	NULL,	NULL,	NULL,	NULL,	NULL,	NULL,	NULL,	NULL,	NULL,	'1',	'2025-10-31 01:09:29.131338',	1,	NULL,	NULL),
(195,	'GOBERNACIÓN DE SANTANDER',	'TEMP-000182',	1,	NULL,	NULL,	NULL,	NULL,	NULL,	NULL,	NULL,	NULL,	NULL,	'1',	'2025-10-31 01:09:29.131338',	1,	NULL,	NULL),
(196,	'MUNICIPIO DE GUADUAS (CUNDINAMARCA)',	'TEMP-000183',	4,	NULL,	NULL,	NULL,	NULL,	NULL,	NULL,	NULL,	NULL,	NULL,	'1',	'2025-10-31 01:09:29.131338',	1,	NULL,	NULL),
(197,	'UNIVERSIDAD MILITAR NUEVA GRANADA - UMNG',	'TEMP-000184',	1,	NULL,	NULL,	NULL,	NULL,	NULL,	NULL,	NULL,	NULL,	NULL,	'1',	'2025-10-31 01:09:29.131338',	1,	NULL,	NULL),
(198,	'FUNDACIÓN SALDARRIAGA CONCHA',	'TEMP-000185',	5,	NULL,	NULL,	NULL,	NULL,	NULL,	NULL,	NULL,	NULL,	NULL,	'1',	'2025-10-31 01:09:29.131338',	1,	NULL,	NULL),
(199,	'MUNICIPIO DE EL ROSAL (CUNDINAMARCA)',	'TEMP-000186',	4,	NULL,	NULL,	NULL,	NULL,	NULL,	NULL,	NULL,	NULL,	NULL,	'1',	'2025-10-31 01:09:29.131338',	1,	NULL,	NULL),
(200,	'INSTITUTO MUNICIPAL DE CULTURA Y TURISMO DE FUNZA',	'TEMP-000187',	4,	NULL,	NULL,	NULL,	NULL,	NULL,	NULL,	NULL,	NULL,	NULL,	'1',	'2025-10-31 01:09:29.131338',	1,	NULL,	NULL),
(201,	'CORPORACION UNIVERSITARIA DE COMFENALCO',	'TEMP-000188',	2,	NULL,	NULL,	NULL,	NULL,	NULL,	NULL,	NULL,	NULL,	NULL,	'1',	'2025-10-31 01:09:29.131338',	1,	NULL,	NULL),
(202,	'CORPORACION DE DESARROLLO SOCIAL ELITE',	'TEMP-000189',	2,	NULL,	NULL,	NULL,	NULL,	NULL,	NULL,	NULL,	NULL,	NULL,	'1',	'2025-10-31 01:09:29.131338',	1,	NULL,	NULL),
(203,	'INSTITUTO  DEPARTAMENTAL DE ACCIÓN COMUNAL DE CUNDINAMARCA',	'TEMP-000190',	2,	NULL,	NULL,	NULL,	NULL,	NULL,	NULL,	NULL,	NULL,	NULL,	'1',	'2025-10-31 01:09:29.131338',	1,	NULL,	NULL),
(204,	'UNIVERSIDAD NACIONAL DE COLOMBIA',	'TEMP-000191',	1,	NULL,	NULL,	NULL,	NULL,	NULL,	NULL,	NULL,	NULL,	NULL,	'1',	'2025-10-31 01:09:29.131338',	1,	NULL,	NULL),
(205,	'CONCEJO MUNICIPAL DE CAJICA',	'TEMP-000192',	4,	NULL,	NULL,	NULL,	NULL,	NULL,	NULL,	NULL,	NULL,	NULL,	'1',	'2025-10-31 01:09:29.131338',	1,	NULL,	NULL),
(206,	'ASOCIACIÓN DE CONCEJOS Y CONCEJALES DEL DEPARTAMENTO DE NARIÑO - ACONAR',	'TEMP-000193',	2,	NULL,	NULL,	NULL,	NULL,	NULL,	NULL,	NULL,	NULL,	NULL,	'1',	'2025-10-31 01:09:29.131338',	1,	NULL,	NULL),
(207,	'UNIVERSIDAD FEDERAL DE RÍO DE JANEIRO - UNIRIO',	'TEMP-000194',	6,	NULL,	NULL,	NULL,	NULL,	NULL,	NULL,	NULL,	NULL,	NULL,	'1',	'2025-10-31 01:09:29.131338',	1,	NULL,	NULL),
(208,	'CONCEJO MUNICIPAL DE JAMUNDI',	'TEMP-000195',	4,	NULL,	NULL,	NULL,	NULL,	NULL,	NULL,	NULL,	NULL,	NULL,	'1',	'2025-10-31 01:09:29.131338',	1,	NULL,	NULL),
(209,	'CONCEJO MUNICIPAL DE SOPÓ',	'TEMP-000196',	4,	NULL,	NULL,	NULL,	NULL,	NULL,	NULL,	NULL,	NULL,	NULL,	'1',	'2025-10-31 01:09:29.131338',	1,	NULL,	NULL),
(210,	'UNIÓN EUROPEA',	'TEMP-000197',	6,	NULL,	NULL,	NULL,	NULL,	NULL,	NULL,	NULL,	NULL,	NULL,	'1',	'2025-10-31 01:09:29.131338',	1,	NULL,	NULL),
(211,	'SUPERINTENDENCIA DE TRANSPORTE',	'TEMP-000198',	1,	NULL,	NULL,	NULL,	NULL,	NULL,	NULL,	NULL,	NULL,	NULL,	'1',	'2025-10-31 01:09:29.131338',	1,	NULL,	NULL),
(212,	'CONCEJO MUNICIPAL DE CALI',	'TEMP-000199',	4,	NULL,	NULL,	NULL,	NULL,	NULL,	NULL,	NULL,	NULL,	NULL,	'1',	'2025-10-31 01:09:29.131338',	1,	NULL,	NULL),
(213,	'CONCEJO MUNICIPAL DE TUNJA',	'TEMP-000200',	4,	NULL,	NULL,	NULL,	NULL,	NULL,	NULL,	NULL,	NULL,	NULL,	'1',	'2025-10-31 01:09:29.131338',	1,	NULL,	NULL),
(214,	'CONCEJO MUNICIPAL DE PASTO',	'TEMP-000201',	4,	NULL,	NULL,	NULL,	NULL,	NULL,	NULL,	NULL,	NULL,	NULL,	'1',	'2025-10-31 01:09:29.131338',	1,	NULL,	NULL),
(215,	'REFORESTADORA BOSQUES DEL FUTURO ',	'TEMP-000202',	1,	NULL,	NULL,	NULL,	NULL,	NULL,	NULL,	NULL,	NULL,	NULL,	'1',	'2025-10-31 01:09:29.131338',	1,	NULL,	NULL),
(216,	'ASAMBLEA DEPARTAMENTAL DEL TOLIMA',	'TEMP-000203',	2,	NULL,	NULL,	NULL,	NULL,	NULL,	NULL,	NULL,	NULL,	NULL,	'1',	'2025-10-31 01:09:29.131338',	1,	NULL,	NULL),
(217,	'CONCEJO MUNICIPAL DE VALLEDUPAR',	'TEMP-000204',	4,	NULL,	NULL,	NULL,	NULL,	NULL,	NULL,	NULL,	NULL,	NULL,	'1',	'2025-10-31 01:09:29.131338',	1,	NULL,	NULL),
(218,	'MUNICIPIO DE MIRAFLÓRES (BOYACA) ',	'TEMP-000205',	4,	NULL,	NULL,	NULL,	NULL,	NULL,	NULL,	NULL,	NULL,	NULL,	'1',	'2025-10-31 01:09:29.131338',	1,	NULL,	NULL),
(219,	'MUNICIPIO DE SOPÓ (CUNDINAMARCA)',	'TEMP-000206',	4,	NULL,	NULL,	NULL,	NULL,	NULL,	NULL,	NULL,	NULL,	NULL,	'1',	'2025-10-31 01:09:29.131338',	1,	NULL,	NULL),
(220,	'MUSEO NACIONAL DE LA FOTOGRAFÍA - FOTOMUSEO',	'TEMP-000207',	1,	NULL,	NULL,	NULL,	NULL,	NULL,	NULL,	NULL,	NULL,	NULL,	'1',	'2025-10-31 01:09:29.131338',	1,	NULL,	NULL),
(221,	'INSTITUTO NACIONAL DE SALUD',	'TEMP-000208',	1,	NULL,	NULL,	NULL,	NULL,	NULL,	NULL,	NULL,	NULL,	NULL,	'1',	'2025-10-31 01:09:29.131338',	1,	NULL,	NULL),
(222,	'INSTITUTO COLOMBIANO DE DESARROLLO RURAL - INCODER',	'TEMP-000209',	1,	NULL,	NULL,	NULL,	NULL,	NULL,	NULL,	NULL,	NULL,	NULL,	'1',	'2025-10-31 01:09:29.131338',	1,	NULL,	NULL),
(223,	'INSTITUTO INTERAMERICANO DE COOPERACION PARA LA AGRICULTURA - IICA',	'TEMP-000210',	6,	NULL,	NULL,	NULL,	NULL,	NULL,	NULL,	NULL,	NULL,	NULL,	'1',	'2025-10-31 01:09:29.131338',	1,	NULL,	NULL),
(224,	'INSTITUTO INTERNACIONAL DE AGUA Y MEDIO AMBIENTE  - INAGUA',	'TEMP-000211',	1,	NULL,	NULL,	NULL,	NULL,	NULL,	NULL,	NULL,	NULL,	NULL,	'1',	'2025-10-31 01:09:29.131338',	1,	NULL,	NULL),
(225,	'INSTITUCIÓN EDUCATIVA COLEGIO NACIONAL INTEGRADO DE BACHILLERATO SAN MARTÍN  DE LOS LLANOS ( META) ',	'TEMP-000212',	1,	NULL,	NULL,	NULL,	NULL,	NULL,	NULL,	NULL,	NULL,	NULL,	'1',	'2025-10-31 01:09:29.131338',	1,	NULL,	NULL),
(226,	'ASAMBLEA DEPARTAMENTAL DE CAUCA',	'TEMP-000213',	2,	NULL,	NULL,	NULL,	NULL,	NULL,	NULL,	NULL,	NULL,	NULL,	'1',	'2025-10-31 01:09:29.131338',	1,	NULL,	NULL),
(227,	'ASAMBLEA DEPARTAMENTAL DEL TOLIMA',	'TEMP-000214',	2,	NULL,	NULL,	NULL,	NULL,	NULL,	NULL,	NULL,	NULL,	NULL,	'1',	'2025-10-31 01:09:29.131338',	1,	NULL,	NULL),
(228,	'ASOCIACIÓN DE JUBILADOS DOCENTES DE LA UD - AJUBILUD',	'TEMP-000215',	5,	NULL,	NULL,	NULL,	NULL,	NULL,	NULL,	NULL,	NULL,	NULL,	'1',	'2025-10-31 01:09:29.131338',	1,	NULL,	NULL),
(229,	'MUNICIPIO DE MOSQUERA (CUNDINAMARCA)',	'TEMP-000216',	4,	NULL,	NULL,	NULL,	NULL,	NULL,	NULL,	NULL,	NULL,	NULL,	'1',	'2025-10-31 01:09:29.131338',	1,	NULL,	NULL),
(230,	'DISTRITO CAPITAL',	'TEMP-000217',	3,	NULL,	NULL,	NULL,	NULL,	NULL,	NULL,	NULL,	NULL,	NULL,	'1',	'2025-10-31 01:09:29.131338',	1,	NULL,	NULL),
(231,	'MINISTERIO DE LAS TECNOLOGÍAS DE LA INFORMACIÓN Y LAS COMUNICACIONES',	'TEMP-000218',	1,	NULL,	NULL,	NULL,	NULL,	NULL,	NULL,	NULL,	NULL,	NULL,	'1',	'2025-10-31 01:09:29.131338',	1,	NULL,	NULL),
(232,	'INSTITUTO NACIONAL DE  MEDICINA LEGAL Y CIENCIAS FORENSES',	'TEMP-000219',	1,	NULL,	NULL,	NULL,	NULL,	NULL,	NULL,	NULL,	NULL,	NULL,	'1',	'2025-10-31 01:09:29.131338',	1,	NULL,	NULL),
(233,	'MUNICIPIO DE TIBACUY (CUNDINAMARCA)',	'TEMP-000220',	4,	NULL,	NULL,	NULL,	NULL,	NULL,	NULL,	NULL,	NULL,	NULL,	'1',	'2025-10-31 01:09:29.131338',	1,	NULL,	NULL),
(234,	'MUNICIPIO DE PASCA (CUNDINAMARCA)',	'TEMP-000221',	4,	NULL,	NULL,	NULL,	NULL,	NULL,	NULL,	NULL,	NULL,	NULL,	'1',	'2025-10-31 01:09:29.131338',	1,	NULL,	NULL),
(235,	'MUNICIPIO DE VENECIA (CUNDINAMARCA)',	'TEMP-000222',	4,	NULL,	NULL,	NULL,	NULL,	NULL,	NULL,	NULL,	NULL,	NULL,	'1',	'2025-10-31 01:09:29.131338',	1,	NULL,	NULL),
(236,	'MUNICIPIO DE GUACHETÁ (CUNDINAMARCA)',	'TEMP-000223',	4,	NULL,	NULL,	NULL,	NULL,	NULL,	NULL,	NULL,	NULL,	NULL,	'1',	'2025-10-31 01:09:29.131338',	1,	NULL,	NULL),
(237,	'POLITECNICO DE OCCIDENTE LIMITADA',	'TEMP-000224',	1,	NULL,	NULL,	NULL,	NULL,	NULL,	NULL,	NULL,	NULL,	NULL,	'1',	'2025-10-31 01:09:29.131338',	1,	NULL,	NULL),
(238,	'UNIDAD ADMINISTRATIVA ESPECIAL DE VIVIENDA SOCIAL',	'TEMP-000225',	3,	NULL,	NULL,	NULL,	NULL,	NULL,	NULL,	NULL,	NULL,	NULL,	'1',	'2025-10-31 01:09:29.131338',	1,	NULL,	NULL),
(239,	'MUNICIPIO DE LA VEGA (CUNDINAMARCA)',	'TEMP-000226',	4,	NULL,	NULL,	NULL,	NULL,	NULL,	NULL,	NULL,	NULL,	NULL,	'1',	'2025-10-31 01:09:29.131338',	1,	NULL,	NULL),
(240,	'POLICIA NACIONAL',	'TEMP-000227',	1,	NULL,	NULL,	NULL,	NULL,	NULL,	NULL,	NULL,	NULL,	NULL,	'1',	'2025-10-31 01:09:29.131338',	1,	NULL,	NULL),
(241,	'CORPORACIÓN AUTÓNOMA REGIONAL DE SANTANDER - CAS',	'TEMP-000228',	7,	NULL,	NULL,	NULL,	NULL,	NULL,	NULL,	NULL,	NULL,	NULL,	'1',	'2025-10-31 01:09:29.131338',	1,	NULL,	NULL),
(242,	'MUNICIPIO DE UNE (CUNDINAMARCA)',	'TEMP-000229',	4,	NULL,	NULL,	NULL,	NULL,	NULL,	NULL,	NULL,	NULL,	NULL,	'1',	'2025-10-31 01:09:29.131338',	1,	NULL,	NULL),
(243,	'MUNICIPIO DE TIBIRITA (CUNDINAMARCA)',	'TEMP-000230',	4,	NULL,	NULL,	NULL,	NULL,	NULL,	NULL,	NULL,	NULL,	NULL,	'1',	'2025-10-31 01:09:29.131338',	1,	NULL,	NULL),
(244,	'MUNICIPIO DE VERGARA (CUNDINAMARCA)',	'TEMP-000231',	4,	NULL,	NULL,	NULL,	NULL,	NULL,	NULL,	NULL,	NULL,	NULL,	'1',	'2025-10-31 01:09:29.131338',	1,	NULL,	NULL),
(245,	'MUNICIPIO DE NIMAIMA (CUNDINAMARCA)',	'TEMP-000232',	4,	NULL,	NULL,	NULL,	NULL,	NULL,	NULL,	NULL,	NULL,	NULL,	'1',	'2025-10-31 01:09:29.131338',	1,	NULL,	NULL),
(246,	'MUNICIPIO DE ALBAN (CUNDINAMARCA)',	'TEMP-000233',	4,	NULL,	NULL,	NULL,	NULL,	NULL,	NULL,	NULL,	NULL,	NULL,	'1',	'2025-10-31 01:09:29.131338',	1,	NULL,	NULL),
(247,	'MUNICIPIO DE CABRERA (CUNDINAMARCA)',	'TEMP-000234',	4,	NULL,	NULL,	NULL,	NULL,	NULL,	NULL,	NULL,	NULL,	NULL,	'1',	'2025-10-31 01:09:29.131338',	1,	NULL,	NULL),
(248,	'MUNICIPIO DE PACHO (CUNDINAMARCA)',	'TEMP-000235',	4,	NULL,	NULL,	NULL,	NULL,	NULL,	NULL,	NULL,	NULL,	NULL,	'1',	'2025-10-31 01:09:29.131338',	1,	NULL,	NULL),
(249,	'MUNICIPIO DE QUIPAMA (BOYACA) ',	'TEMP-000236',	4,	NULL,	NULL,	NULL,	NULL,	NULL,	NULL,	NULL,	NULL,	NULL,	'1',	'2025-10-31 01:09:29.131338',	1,	NULL,	NULL),
(250,	'MUNICIPIO DE MANTA (CUNDINAMARCA)',	'TEMP-000237',	4,	NULL,	NULL,	NULL,	NULL,	NULL,	NULL,	NULL,	NULL,	NULL,	'1',	'2025-10-31 01:09:29.131338',	1,	NULL,	NULL),
(251,	'MUNICIPIO DE PAIME (CUNDINAMARCA)',	'TEMP-000238',	4,	NULL,	NULL,	NULL,	NULL,	NULL,	NULL,	NULL,	NULL,	NULL,	'1',	'2025-10-31 01:09:29.131338',	1,	NULL,	NULL),
(252,	'MUNICIPIO DE QUEBRADANEGRA (CUNDINAMARCA)',	'TEMP-000239',	4,	NULL,	NULL,	NULL,	NULL,	NULL,	NULL,	NULL,	NULL,	NULL,	'1',	'2025-10-31 01:09:29.131338',	1,	NULL,	NULL),
(253,	'MUNICIPIO DE VILLAGÓMEZ (CUNDINAMARCA)',	'TEMP-000240',	4,	NULL,	NULL,	NULL,	NULL,	NULL,	NULL,	NULL,	NULL,	NULL,	'1',	'2025-10-31 01:09:29.131338',	1,	NULL,	NULL),
(254,	'FUNDACIÓN ENDESA COLOMBIA',	'TEMP-000241',	1,	NULL,	NULL,	NULL,	NULL,	NULL,	NULL,	NULL,	NULL,	NULL,	'1',	'2025-10-31 01:09:29.131338',	1,	NULL,	NULL),
(255,	'CODENSA S.A. E.S.P.',	'TEMP-000242',	3,	NULL,	NULL,	NULL,	NULL,	NULL,	NULL,	NULL,	NULL,	NULL,	'1',	'2025-10-31 01:09:29.131338',	1,	NULL,	NULL),
(256,	'MUNICIPIO DE FUQUENE (CUNDINAMARCA)',	'TEMP-000243',	4,	NULL,	NULL,	NULL,	NULL,	NULL,	NULL,	NULL,	NULL,	NULL,	'1',	'2025-10-31 01:09:29.131338',	1,	NULL,	NULL),
(257,	'MUNICIPIO DE FUNZA (CUNDINAMARCA)',	'TEMP-000244',	4,	NULL,	NULL,	NULL,	NULL,	NULL,	NULL,	NULL,	NULL,	NULL,	'1',	'2025-10-31 01:09:29.131338',	1,	NULL,	NULL),
(258,	'MUNICIPIO DE GACHETÁ (CUNDINAMARCA)',	'TEMP-000245',	4,	NULL,	NULL,	NULL,	NULL,	NULL,	NULL,	NULL,	NULL,	NULL,	'1',	'2025-10-31 01:09:29.131338',	1,	NULL,	NULL),
(259,	'MUNICIPIO DE SAN FRANCISCO (CUNDINAMARCA)',	'TEMP-000246',	4,	NULL,	NULL,	NULL,	NULL,	NULL,	NULL,	NULL,	NULL,	NULL,	'1',	'2025-10-31 01:09:29.131338',	1,	NULL,	NULL),
(260,	'SOCIEDAD PUERTO INDUSTRIAL AGUADULCE  S.A. - SPIA',	'TEMP-000247',	1,	NULL,	NULL,	NULL,	NULL,	NULL,	NULL,	NULL,	NULL,	NULL,	'1',	'2025-10-31 01:09:29.131338',	1,	NULL,	NULL),
(261,	'MUNICIPIO DE SUTATAUSA (CUNDINAMARCA)',	'TEMP-000248',	4,	NULL,	NULL,	NULL,	NULL,	NULL,	NULL,	NULL,	NULL,	NULL,	'1',	'2025-10-31 01:09:29.131338',	1,	NULL,	NULL),
(262,	'MUNICIPIO DE IBAGUE (TOLIMA)',	'TEMP-000249',	4,	NULL,	NULL,	NULL,	NULL,	NULL,	NULL,	NULL,	NULL,	NULL,	'1',	'2025-10-31 01:09:29.131338',	1,	NULL,	NULL),
(263,	'SERVICIO GEOLOGICO COLOMBIANO',	'TEMP-000250',	1,	NULL,	NULL,	NULL,	NULL,	NULL,	NULL,	NULL,	NULL,	NULL,	'1',	'2025-10-31 01:09:29.131338',	1,	NULL,	NULL),
(264,	'INSTITUTO GEOGRAFICO AGUSTIN CODAZZI - IGAC',	'TEMP-000251',	1,	NULL,	NULL,	NULL,	NULL,	NULL,	NULL,	NULL,	NULL,	NULL,	'1',	'2025-10-31 01:09:29.131338',	1,	NULL,	NULL),
(265,	'CORPORACIÓN AUTÓNOMA REGIONAL DE LOS VALLES DEL SINÚ Y DEL SAN JORGE - CVS',	'TEMP-000252',	7,	NULL,	NULL,	NULL,	NULL,	NULL,	NULL,	NULL,	NULL,	NULL,	'1',	'2025-10-31 01:09:29.131338',	1,	NULL,	NULL),
(266,	'ALCALDÍA DE TOCANCIPÁ',	'TEMP-000253',	4,	NULL,	NULL,	NULL,	NULL,	NULL,	NULL,	NULL,	NULL,	NULL,	'1',	'2025-10-31 01:09:29.131338',	1,	NULL,	NULL),
(267,	'FONDO DE PRESTACIONES, CESANTIAS Y PENSIONES - FONCEP',	'TEMP-000254',	3,	NULL,	NULL,	NULL,	NULL,	NULL,	NULL,	NULL,	NULL,	NULL,	'1',	'2025-10-31 01:09:29.131338',	1,	NULL,	NULL),
(268,	'ORDEN DE LA COMPAÑIA DE MARÍA NUESTRA SEÑORA - COLEGIO DE LA ENSEÑANZA',	'TEMP-000255',	5,	NULL,	NULL,	NULL,	NULL,	NULL,	NULL,	NULL,	NULL,	NULL,	'1',	'2025-10-31 01:09:29.131338',	1,	NULL,	NULL),
(269,	'MUNICIPIO DE FLORENCIA (CAQUETÁ)',	'TEMP-000256',	4,	NULL,	NULL,	NULL,	NULL,	NULL,	NULL,	NULL,	NULL,	NULL,	'1',	'2025-10-31 01:09:29.131338',	1,	NULL,	NULL),
(270,	'GOBERNACIÓN DE BOLIVAR',	'TEMP-000257',	1,	NULL,	NULL,	NULL,	NULL,	NULL,	NULL,	NULL,	NULL,	NULL,	'1',	'2025-10-31 01:09:29.131338',	1,	NULL,	NULL),
(271,	'MUNICIPIO DE LA PLATA (HUILA)',	'TEMP-000258',	4,	NULL,	NULL,	NULL,	NULL,	NULL,	NULL,	NULL,	NULL,	NULL,	'1',	'2025-10-31 01:09:29.131338',	1,	NULL,	NULL),
(272,	'GRUPO TX S.A.S.',	'TEMP-000259',	5,	NULL,	NULL,	NULL,	NULL,	NULL,	NULL,	NULL,	NULL,	NULL,	'1',	'2025-10-31 01:09:29.131338',	1,	NULL,	NULL),
(273,	'UNIDAD ADMINISTRATIVA ESPECIAL CUERPO OFICIAL DE BOMBEROS',	'TEMP-000260',	3,	NULL,	NULL,	NULL,	NULL,	NULL,	NULL,	NULL,	NULL,	NULL,	'1',	'2025-10-31 01:09:29.131338',	1,	NULL,	NULL),
(274,	'DEPARTAMENTO DEL VAUPÉZ',	'TEMP-000261',	2,	NULL,	NULL,	NULL,	NULL,	NULL,	NULL,	NULL,	NULL,	NULL,	'1',	'2025-10-31 01:09:29.131338',	1,	NULL,	NULL),
(275,	'MUNICIPIO DE AIPE (HUILA)',	'TEMP-000262',	4,	NULL,	NULL,	NULL,	NULL,	NULL,	NULL,	NULL,	NULL,	NULL,	'1',	'2025-10-31 01:09:29.131338',	1,	NULL,	NULL),
(276,	'CORPORACIÓN AUTÓNOMA REGIONAL DEL CESAR - CORPOCESAR',	'TEMP-000263',	7,	NULL,	NULL,	NULL,	NULL,	NULL,	NULL,	NULL,	NULL,	NULL,	'1',	'2025-10-31 01:09:29.131338',	1,	NULL,	NULL),
(277,	'FONDO DE TECNOLOGÍAS DE LA INFORMACIÓN Y LAS COMUNICACIONES',	'TEMP-000264',	1,	NULL,	NULL,	NULL,	NULL,	NULL,	NULL,	NULL,	NULL,	NULL,	'1',	'2025-10-31 01:09:29.131338',	1,	NULL,	NULL),
(278,	'MINISTERIO DE COMERCIO, INDUSTRIA Y TURISMO',	'TEMP-000265',	1,	NULL,	NULL,	NULL,	NULL,	NULL,	NULL,	NULL,	NULL,	NULL,	'1',	'2025-10-31 01:09:29.131338',	1,	NULL,	NULL),
(279,	'MUNICIPIO DE MACHETÁ (CUNDINAMARCA)',	'TEMP-000266',	4,	NULL,	NULL,	NULL,	NULL,	NULL,	NULL,	NULL,	NULL,	NULL,	'1',	'2025-10-31 01:09:29.131338',	1,	NULL,	NULL),
(280,	'EJÉRCITO NACIONAL DE COLOMBIA',	'TEMP-000267',	1,	NULL,	NULL,	NULL,	NULL,	NULL,	NULL,	NULL,	NULL,	NULL,	'1',	'2025-10-31 01:09:29.131338',	1,	NULL,	NULL),
(281,	'ALCALDÍA MUNICIPAL DE FACATATIVA',	'TEMP-000268',	4,	NULL,	NULL,	NULL,	NULL,	NULL,	NULL,	NULL,	NULL,	NULL,	'1',	'2025-10-31 01:09:29.131338',	1,	NULL,	NULL),
(282,	'DEPARTAMENTO ADMINISTRATIVO DEL DEPORTE LA RECREACIÓN, LA ACTIVIDAD FÍSICA Y EL APROVECHAMIENTO DEL TIEMPO LIBRE - COLDEPORTES',	'TEMP-000269',	1,	NULL,	NULL,	NULL,	NULL,	NULL,	NULL,	NULL,	NULL,	NULL,	'1',	'2025-10-31 01:09:29.131338',	1,	NULL,	NULL),
(283,	'DEPARTAMENTO NACIONAL DE PLANEACIÓN',	'TEMP-000270',	1,	NULL,	NULL,	NULL,	NULL,	NULL,	NULL,	NULL,	NULL,	NULL,	'1',	'2025-10-31 01:09:29.131338',	1,	NULL,	NULL),
(284,	'SUPERINTENDENCIA DE INDUSTRIA Y COMERCIO',	'TEMP-000271',	1,	NULL,	NULL,	NULL,	NULL,	NULL,	NULL,	NULL,	NULL,	NULL,	'1',	'2025-10-31 01:09:29.131338',	1,	NULL,	NULL),
(285,	'CONCEJO DE BOGOTÁ',	'TEMP-000272',	3,	NULL,	NULL,	NULL,	NULL,	NULL,	NULL,	NULL,	NULL,	NULL,	'1',	'2025-10-31 01:09:29.131338',	1,	NULL,	NULL),
(286,	'INSTITUTO COLOMBIANO AGROPECUARIO - ICA',	'TEMP-000273',	1,	NULL,	NULL,	NULL,	NULL,	NULL,	NULL,	NULL,	NULL,	NULL,	'1',	'2025-10-31 01:09:29.131338',	1,	NULL,	NULL),
(287,	'MUNICIPIO DE CHITA (BOYACÁ)',	'TEMP-000274',	4,	NULL,	NULL,	NULL,	NULL,	NULL,	NULL,	NULL,	NULL,	NULL,	'1',	'2025-10-31 01:09:29.131338',	1,	NULL,	NULL),
(288,	'ITANSUCA PROYECTOS DE INGENIERÍA S.A.S.',	'TEMP-000275',	5,	NULL,	NULL,	NULL,	NULL,	NULL,	NULL,	NULL,	NULL,	NULL,	'1',	'2025-10-31 01:09:29.131338',	1,	NULL,	NULL),
(289,	'MUNICIPIO DE SAN JOSÉ DEL GUAVIARE',	'TEMP-000276',	2,	NULL,	NULL,	NULL,	NULL,	NULL,	NULL,	NULL,	NULL,	NULL,	'1',	'2025-10-31 01:09:29.131338',	1,	NULL,	NULL),
(290,	'DEPARTAMENTO DEL META',	'TEMP-000277',	2,	NULL,	NULL,	NULL,	NULL,	NULL,	NULL,	NULL,	NULL,	NULL,	'1',	'2025-10-31 01:09:29.131338',	1,	NULL,	NULL),
(291,	'MUNICIPIO DE PORE',	'TEMP-000278',	2,	NULL,	NULL,	NULL,	NULL,	NULL,	NULL,	NULL,	NULL,	NULL,	'1',	'2025-10-31 01:09:29.131338',	1,	NULL,	NULL),
(292,	'DEPARTAMENTO DEL TOLIMA',	'TEMP-000279',	2,	NULL,	NULL,	NULL,	NULL,	NULL,	NULL,	NULL,	NULL,	NULL,	'1',	'2025-10-31 01:09:29.131338',	1,	NULL,	NULL),
(293,	'INSTITUTO DEPARTAMENTAL DE CULTURA Y TURISMO DE CUNDINAMARCA',	'TEMP-000280',	2,	NULL,	NULL,	NULL,	NULL,	NULL,	NULL,	NULL,	NULL,	NULL,	'1',	'2025-10-31 01:09:29.131338',	1,	NULL,	NULL),
(294,	'ALCALDÍA MUNICIPAL DE NEIVA',	'TEMP-000281',	1,	NULL,	NULL,	NULL,	NULL,	NULL,	NULL,	NULL,	NULL,	NULL,	'1',	'2025-10-31 01:09:29.131338',	1,	NULL,	NULL),
(295,	'MUNICIPIO DE BOJACA',	'TEMP-000282',	1,	NULL,	NULL,	NULL,	NULL,	NULL,	NULL,	NULL,	NULL,	NULL,	'1',	'2025-10-31 01:09:29.131338',	1,	NULL,	NULL),
(296,	'DIRECCION DE SANIDAD DE LA POLICIA NACIONAL',	'TEMP-000283',	1,	NULL,	NULL,	NULL,	NULL,	NULL,	NULL,	NULL,	NULL,	NULL,	'1',	'2025-10-31 01:09:29.131338',	1,	NULL,	NULL),
(297,	'INSTITUTO DISTRITAL DE GESTIÓN DE RIESGOS Y CAMBIO CLIMATICO - IDIGER - FONDIGER',	'TEMP-000284',	3,	NULL,	NULL,	NULL,	NULL,	NULL,	NULL,	NULL,	NULL,	NULL,	'1',	'2025-10-31 01:09:29.131338',	1,	NULL,	NULL),
(298,	'ALCALDÍA MUNICIPAL DE JUNÍN',	'TEMP-000285',	4,	NULL,	NULL,	NULL,	NULL,	NULL,	NULL,	NULL,	NULL,	NULL,	'1',	'2025-10-31 01:09:29.131338',	1,	NULL,	NULL),
(299,	'COOPERATIVA DEL MAGISTERIO CODEMA',	'TEMP-000286',	5,	NULL,	NULL,	NULL,	NULL,	NULL,	NULL,	NULL,	NULL,	NULL,	'1',	'2025-10-31 01:09:29.131338',	1,	NULL,	NULL),
(300,	'COLEGIO EL CARMEN TERESIANO',	'TEMP-000287',	1,	NULL,	NULL,	NULL,	NULL,	NULL,	NULL,	NULL,	NULL,	NULL,	'1',	'2025-10-31 01:09:29.131338',	1,	NULL,	NULL),
(301,	'MUNICIPIO DE COTA (CUNDINAMARCA)',	'TEMP-000288',	4,	NULL,	NULL,	NULL,	NULL,	NULL,	NULL,	NULL,	NULL,	NULL,	'1',	'2025-10-31 01:09:29.131338',	1,	NULL,	NULL),
(302,	'FUNDACIÓN PARA LA EDUCACIÓN SUPERIOR SAN MATEO',	'TEMP-000289',	5,	NULL,	NULL,	NULL,	NULL,	NULL,	NULL,	NULL,	NULL,	NULL,	'1',	'2025-10-31 01:09:29.131338',	1,	NULL,	NULL),
(303,	'UNIVERSIDAD DE TWENTE',	'TEMP-000290',	1,	NULL,	NULL,	NULL,	NULL,	NULL,	NULL,	NULL,	NULL,	NULL,	'1',	'2025-10-31 01:09:29.131338',	1,	NULL,	NULL),
(304,	'ASAMBLEA DEPARTAMENTAL DE VICHADA',	'TEMP-000291',	2,	NULL,	NULL,	NULL,	NULL,	NULL,	NULL,	NULL,	NULL,	NULL,	'1',	'2025-10-31 01:09:29.131338',	1,	NULL,	NULL),
(305,	'CONCEJO MUNICIPAL IBAGUE',	'TEMP-000292',	4,	NULL,	NULL,	NULL,	NULL,	NULL,	NULL,	NULL,	NULL,	NULL,	'1',	'2025-10-31 01:09:29.131338',	1,	NULL,	NULL),
(306,	'CONCEJO MUNICIPAL DE YOPAL',	'TEMP-000293',	4,	NULL,	NULL,	NULL,	NULL,	NULL,	NULL,	NULL,	NULL,	NULL,	'1',	'2025-10-31 01:09:29.131338',	1,	NULL,	NULL),
(307,	'ASAMBLEA DEPARTAMENTAL DE ARAUCA',	'TEMP-000294',	2,	NULL,	NULL,	NULL,	NULL,	NULL,	NULL,	NULL,	NULL,	NULL,	'1',	'2025-10-31 01:09:29.131338',	1,	NULL,	NULL),
(308,	'ASAMBLEA DEPARTAMENTAL DEL CAQUETA',	'TEMP-000295',	2,	NULL,	NULL,	NULL,	NULL,	NULL,	NULL,	NULL,	NULL,	NULL,	'1',	'2025-10-31 01:09:29.131338',	1,	NULL,	NULL),
(309,	'ASAMBLEA DEPARTAMENTAL DE RISARALDA',	'TEMP-000296',	2,	NULL,	NULL,	NULL,	NULL,	NULL,	NULL,	NULL,	NULL,	NULL,	'1',	'2025-10-31 01:09:29.131338',	1,	NULL,	NULL),
(310,	'ASAMBLEA DEPARTAMENTAL DEL META',	'TEMP-000297',	2,	NULL,	NULL,	NULL,	NULL,	NULL,	NULL,	NULL,	NULL,	NULL,	'1',	'2025-10-31 01:09:29.131338',	1,	NULL,	NULL),
(311,	'FEDERACION DE CONCEJOS Y CONCEJALES DEL PACIFICO COLOMBIANO, FEDECON PACIFICO',	'TEMP-000298',	7,	NULL,	NULL,	NULL,	NULL,	NULL,	NULL,	NULL,	NULL,	NULL,	'1',	'2025-10-31 01:09:29.131338',	1,	NULL,	NULL),
(312,	'GOBERNACION DEL GUAINIA',	'TEMP-000299',	7,	NULL,	NULL,	NULL,	NULL,	NULL,	NULL,	NULL,	NULL,	NULL,	'1',	'2025-10-31 01:09:29.131338',	1,	NULL,	NULL),
(313,	'ASAMBLEA DEPARTAMENTAL DEL NARIÑO',	'TEMP-000300',	2,	NULL,	NULL,	NULL,	NULL,	NULL,	NULL,	NULL,	NULL,	NULL,	'1',	'2025-10-31 01:09:29.131338',	1,	NULL,	NULL),
(314,	'COLEGIO ANÍBAL FERNÁNDEZ DE SOTO IED',	'TEMP-000301',	8,	NULL,	NULL,	NULL,	NULL,	NULL,	NULL,	NULL,	NULL,	NULL,	'1',	'2025-10-31 01:09:29.131338',	1,	NULL,	NULL),
(315,	'UNIVERSIDAD DE CIENCIAS APLICADAS Y ARTES DEL NORESTE DE SUIZA (FHNW)',	'TEMP-000302',	6,	NULL,	NULL,	NULL,	NULL,	NULL,	NULL,	NULL,	NULL,	NULL,	'1',	'2025-10-31 01:09:29.131338',	1,	NULL,	NULL),
(316,	'CONCEJO MUNICIPAL DE FLORENCIA',	'TEMP-000303',	4,	NULL,	NULL,	NULL,	NULL,	NULL,	NULL,	NULL,	NULL,	NULL,	'1',	'2025-10-31 01:09:29.131338',	1,	NULL,	NULL),
(317,	'CENTRO DE PENSAMIENTO Y DIÁLOGO POLÍTICO',	'TEMP-000304',	3,	NULL,	NULL,	NULL,	NULL,	NULL,	NULL,	NULL,	NULL,	NULL,	'1',	'2025-10-31 01:09:29.131338',	1,	NULL,	NULL),
(318,	'UNIVERSIDAD DE CARTAGENA',	'TEMP-000305',	1,	NULL,	NULL,	NULL,	NULL,	NULL,	NULL,	NULL,	NULL,	NULL,	'1',	'2025-10-31 01:09:29.131338',	1,	NULL,	NULL),
(319,	'UNIVERSIDAD DE CUNDINAMARCA',	'TEMP-000306',	2,	NULL,	NULL,	NULL,	NULL,	NULL,	NULL,	NULL,	NULL,	NULL,	'1',	'2025-10-31 01:09:29.131338',	1,	NULL,	NULL),
(320,	'TRANSMIGRARTS',	'TEMP-000307',	6,	NULL,	NULL,	NULL,	NULL,	NULL,	NULL,	NULL,	NULL,	NULL,	'1',	'2025-10-31 01:09:29.131338',	1,	NULL,	NULL),
(321,	'AGENCIA NACIONAL DE SEGURIDAD VIAL',	'TEMP-000308',	1,	NULL,	NULL,	NULL,	NULL,	NULL,	NULL,	NULL,	NULL,	NULL,	'1',	'2025-10-31 01:09:29.131338',	1,	NULL,	NULL),
(322,	'MUNICIPIO DE EL COLEGIO',	'TEMP-000309',	4,	NULL,	NULL,	NULL,	NULL,	NULL,	NULL,	NULL,	NULL,	NULL,	'1',	'2025-10-31 01:09:29.131338',	1,	NULL,	NULL),
(323,	'DIEZX CONSULTORES SAS',	'TEMP-000310',	1,	NULL,	NULL,	NULL,	NULL,	NULL,	NULL,	NULL,	NULL,	NULL,	'1',	'2025-10-31 01:09:29.131338',	1,	NULL,	NULL),
(324,	'GOBERNACIÓN DE LA GUAJIRA',	'TEMP-000311',	2,	NULL,	NULL,	NULL,	NULL,	NULL,	NULL,	NULL,	NULL,	NULL,	'1',	'2025-10-31 01:09:29.131338',	1,	NULL,	NULL),
(325,	'ASAMBLEA DEPARTAMENTAL SANTANDER',	'TEMP-000312',	2,	NULL,	NULL,	NULL,	NULL,	NULL,	NULL,	NULL,	NULL,	NULL,	'1',	'2025-10-31 01:09:29.131338',	1,	NULL,	NULL),
(326,	'ASAMBLEA DEPARTAMENTAL CASANARE',	'TEMP-000313',	2,	NULL,	NULL,	NULL,	NULL,	NULL,	NULL,	NULL,	NULL,	NULL,	'1',	'2025-10-31 01:09:29.131338',	1,	NULL,	NULL),
(327,	'MASCULTURAL CORPORACION',	'TEMP-000314',	1,	NULL,	NULL,	NULL,	NULL,	NULL,	NULL,	NULL,	NULL,	NULL,	'1',	'2025-10-31 01:09:29.131338',	1,	NULL,	NULL),
(328,	'ORGANISMO INTERNACIONAL DE ENERGÍA ATOMICA',	'TEMP-000315',	6,	NULL,	NULL,	NULL,	NULL,	NULL,	NULL,	NULL,	NULL,	NULL,	'1',	'2025-10-31 01:09:29.131338',	1,	NULL,	NULL),
(329,	'SECRETARÍA DISTRITAL DE LA MUJER',	'TEMP-000316',	3,	NULL,	NULL,	NULL,	NULL,	NULL,	NULL,	NULL,	NULL,	NULL,	'1',	'2025-10-31 01:09:29.131338',	1,	NULL,	NULL),
(330,	'AJG PODAS Y JARDINES SAS',	'TEMP-000317',	1,	NULL,	NULL,	NULL,	NULL,	NULL,	NULL,	NULL,	NULL,	NULL,	'1',	'2025-10-31 01:09:29.131338',	1,	NULL,	NULL),
(331,	'ENEL EMGESA S.A ESP',	'TEMP-000318',	1,	NULL,	NULL,	NULL,	NULL,	NULL,	NULL,	NULL,	NULL,	NULL,	'1',	'2025-10-31 01:09:29.131338',	1,	NULL,	NULL),
(332,	'FONDO NACIONAL DEL TURISMO - FONTUR',	'TEMP-000319',	1,	NULL,	NULL,	NULL,	NULL,	NULL,	NULL,	NULL,	NULL,	NULL,	'1',	'2025-10-31 01:09:29.131338',	1,	NULL,	NULL),
(333,	'MINISTERIO DE CIENCIA, TECNOLOGÍA E INNOVACIÓN',	'TEMP-000320',	1,	NULL,	NULL,	NULL,	NULL,	NULL,	NULL,	NULL,	NULL,	NULL,	'1',	'2025-10-31 01:09:29.131338',	1,	NULL,	NULL),
(334,	'SISTEMA UNIVERSITARIO ESTATAL (SUE)',	'TEMP-000321',	3,	NULL,	NULL,	NULL,	NULL,	NULL,	NULL,	NULL,	NULL,	NULL,	'1',	'2025-10-31 01:09:29.131338',	1,	NULL,	NULL),
(4,	'MINISTERIO DE SALUD Y PROTECCIÓN SOCIAL',	'900474727-4',	1,	NULL,	NULL,	NULL,	NULL,	NULL,	NULL,	NULL,	NULL,	NULL,	'1',	'2025-10-31 01:08:54.901926',	1,	'2025-12-04 21:18:42.448838',	1);

DROP TABLE IF EXISTS "entity_types";
DROP SEQUENCE IF EXISTS entity_types_id_seq;
CREATE SEQUENCE entity_types_id_seq INCREMENT 1 MINVALUE 1 MAXVALUE 2147483647 CACHE 1;

CREATE TABLE "public"."entity_types" (
    "entity_type_id" integer DEFAULT nextval('entity_types_id_seq') NOT NULL,
    "type_name" character varying(100) NOT NULL,
    "is_active" boolean DEFAULT true NOT NULL,
    "created_at" timestamp DEFAULT CURRENT_TIMESTAMP NOT NULL,
    "created_by_user_id" integer,
    CONSTRAINT "pk_entity_types" PRIMARY KEY ("entity_type_id")
) WITH (oids = false);

COMMENT ON TABLE "public"."entity_types" IS 'Catalog of entity types';

COMMENT ON COLUMN "public"."entity_types"."entity_type_id" IS 'Primary key';

COMMENT ON COLUMN "public"."entity_types"."type_name" IS 'Name of the entity type';

COMMENT ON COLUMN "public"."entity_types"."is_active" IS 'Indicates if the type is active';

CREATE UNIQUE INDEX uk_entity_types_name ON public.entity_types USING btree (type_name);

INSERT INTO "entity_types" ("entity_type_id", "type_name", "is_active", "created_at", "created_by_user_id") VALUES
(1,	'NACIONAL',	'1',	'2025-10-31 01:08:05.44013',	1),
(2,	'DEPARTAMENTAL',	'1',	'2025-10-31 01:08:05.44013',	1),
(3,	'DISTRITAL',	'1',	'2025-10-31 01:08:05.44013',	1),
(4,	'MUNICIPAL',	'1',	'2025-10-31 01:08:05.44013',	1),
(5,	'PRIVADO',	'1',	'2025-10-31 01:08:05.44013',	1),
(6,	'INTERNACIONAL',	'1',	'2025-10-31 01:08:05.44013',	1),
(7,	'REGIONAL',	'1',	'2025-10-31 01:08:05.44013',	1),
(8,	'LOCAL',	'1',	'2025-10-31 01:08:05.44013',	1);

DROP TABLE IF EXISTS "executing_departments";
DROP SEQUENCE IF EXISTS executing_departments_id_seq;
CREATE SEQUENCE executing_departments_id_seq INCREMENT 1 MINVALUE 1 MAXVALUE 2147483647 CACHE 1;

CREATE TABLE "public"."executing_departments" (
    "department_id" integer DEFAULT nextval('executing_departments_id_seq') NOT NULL,
    "department_name" character varying(200) NOT NULL,
    "website" character varying(200),
    "address" character varying(200),
    "phone" character varying(50),
    "email" character varying(100),
    "is_active" boolean DEFAULT true NOT NULL,
    "created_at" timestamp DEFAULT CURRENT_TIMESTAMP NOT NULL,
    "created_by_user_id" integer,
    "updated_at" timestamp,
    "updated_by_user_id" integer,
    CONSTRAINT "pk_executing_departments" PRIMARY KEY ("department_id")
) WITH (oids = false);

COMMENT ON TABLE "public"."executing_departments" IS 'University departments executing projects';

CREATE UNIQUE INDEX uk_executing_departments_name ON public.executing_departments USING btree (department_name);

INSERT INTO "executing_departments" ("department_id", "department_name", "website", "address", "phone", "email", "is_active", "created_at", "created_by_user_id", "updated_at", "updated_by_user_id") VALUES
(4,	'INSTITUTO DE ESTUDIOS E INVESTIGACIONES EDUCATIVAS - IEIE',	'http://ieie.udistrital.edu.co/',	'Av Ciudad de Quito No. 64 - 81',	'3239300 - 3238400 Ext. 6331 - 6333',	'ieie@udistrital.edu.co',	'1',	'2025-10-31 01:22:12.282045',	1,	NULL,	NULL),
(5,	'U. E. FACULTAD DE CIENCIAS MATEMÁTICAS Y NATURALES',	'https://www.udistrital.edu.co/inicio',	'Carrera 4A # 26D - 54',	'PBX: (+57) 6013239300 Ext(s). 380',	'uniextencienciasmatynat@udistrital.edu.co',	'1',	'2025-10-31 01:22:12.282045',	1,	NULL,	NULL),
(6,	'INSTITUTO DE EXTENSIÓN Y EDUCACIÓN NO FORMAL - IDEXUD',	'http://idexud.udistrital.edu.co/idexud/',	'Av.  Calle 40 a   # 13 - 09   Piso 5',	'3239300   Ext.  6220',	'idexud@udistrital.edu.co',	'1',	'2025-10-31 01:22:12.282045',	1,	NULL,	NULL),
(7,	'IPAZUD',	'http://ipazud.udistrital.edu.co/',	'Carrera 7 No. 40-53 - piso 3',	'3239300 - 3238400 Ext. 2112',	'ipazud@udistrital.edu.co',	'1',	'2025-10-31 01:22:12.282045',	1,	NULL,	NULL),
(8,	'U. E. FACULTAD DE INGENIERÍA',	'http://www.udistrital.edu.co:8080/web/unidad-de-extension-facultad-de-ingenieria/',	'Carrera 7 No. 40-53',	'3239300 - 3238400 Ext. 1711 - 1712',	'unidad-extension-ing@udistrital.edu.co',	'1',	'2025-10-31 01:22:12.282045',	1,	NULL,	NULL),
(9,	'U. E. FACULTAD DE CIENCIAS Y EDUCACIÓN',	'http://fciencias_uext.udistrital.edu.co:8080/es',	'Carrera 19 No. 33-39 - piso 3',	'3239300 - 3238400 Ext. 6214 - 6215',	'fciencias_uext@udistrital.edu.co',	'1',	'2025-10-31 01:22:12.282045',	1,	NULL,	NULL),
(10,	'U. E. FACULTAD DE MEDIO AMBIENTE Y REC. NAT.',	'http://uextensionfamarena.udistrital.edu.co:8080/inicio',	'Avenida Circunvalar - Venado de Oro',	'3376735 - 3238400 - 3239300 Ext. 4048',	'facmedioamb-uext@udistrital.edu.co',	'1',	'2025-10-31 01:22:12.282045',	1,	NULL,	NULL),
(11,	'U. E. FACULTAD TECNOLÓGICA',	'http://www.udistrital.edu.co:8080/web/unidad-de-extension-de-la-facultad-tecnologica/inicio',	'Calle 74 Sur No. 68A - 20',	'7311530 - 7311528',	'factecnologica-uext@udistrital.edu.co',	'1',	'2025-10-31 01:22:12.282045',	1,	NULL,	NULL),
(12,	'U. E. FACULTAD DE ARTES',	'http://fasab.udistrital.edu.co:8080/educacionnoformal#alac',	'Carrera 13 No. 14 - 69',	'2828220 - 2828240 Ext. 113',	'facartes-uext@udistrital.edu.co',	'1',	'2025-10-31 01:22:12.282045',	1,	NULL,	NULL),
(13,	'VICERRECTORÍA ACADÉMICA',	'http://www.udistrital.edu.co/dependencias/tipica.php?id=2',	'Carrera 7 No. 40-53',	'3239300 - 3238400 Ext. 1901 - 1910',	'vicerrecacad@udistrital.edu.co',	'1',	'2025-10-31 01:22:12.282045',	1,	NULL,	NULL),
(14,	'CENTRO DE RELACIONES INTERINSTITUCIONALES - CERI',	'http://ceri.udistrital.edu.co/',	'Carrera 7 No. 40-53 - piiso 10',	'3239300 - 3238400 Ext. 2005',	'relinter@udistrital.edu.co',	'1',	'2025-10-31 01:22:12.282045',	1,	NULL,	NULL),
(15,	'RECTORÍA',	'http://www.udistrital.edu.co/dependencias/tipica.php?id=1',	'Carrera 7 No. 40-53',	NULL,	'rectoria@udistrital.edu.co',	'1',	'2025-10-31 01:22:12.282045',	1,	NULL,	NULL),
(16,	'INSTITUTO DE LENGUAS DE LA UNIVERSIDAD DISTRITAL - ILUD',	'http://www.udistrital.edu.co/comunidad/dependencias/ilud/',	'Cra. 13A No. 41 - 04',	'3239300 - 3238400 Ext. 2810',	'ilud@udistrital.edu.co',	'1',	'2025-10-31 01:22:12.282045',	1,	NULL,	NULL),
(17,	'PROYECTOS ESPECIALES',	'http://ilud.udistrital.edu.co/',	NULL,	NULL,	NULL,	'1',	'2025-10-31 01:22:12.282045',	1,	NULL,	NULL),
(18,	'PROYECTO ACADÉMICO DE INVESTIGACIÓN Y EXTENSIÓN DE PEDAGOGÍA',	'http://200.69.103.48/comunidad/dependencias/invexped/',	'Sede Macarena A - Segundo nivel',	'3239300 - 3238400 Ext. 3004 - 3003',	'invexped@udistrital.edu.co',	'1',	'2025-10-31 01:22:12.282045',	1,	NULL,	NULL),
(20,	'EMISORA LAUD 90.4 FM',	'http://laud.udistrital.edu.co/',	'Calle 31 No. 6 - 42 Piso 8',	'2877157 - 2877147 - 3402320 - 2877147',	'laud@udistrital.edu.co',	'1',	'2025-10-31 01:22:12.282045',	1,	NULL,	NULL),
(21,	'UNIDAD DE CONSULTORÍA DE LA FACULTAD TECNOLÓGICA',	'http://gemini.udistrital.edu.co/comunidad/dependencias/ext_tecnologica/',	'Calle 74 Sur No. 68A - 20 Candelaria La Nueva IV',	'2877801',	'factecnologica-uext@udistrital.edu.co',	'1',	'2025-10-31 01:22:12.282045',	1,	NULL,	NULL),
(22,	'INSTITUTO DE INVESTIGACIÓN E INNOVACIÓN EN INGENIERÍA – I3+.',	NULL,	NULL,	NULL,	NULL,	'1',	'2025-10-31 01:22:12.282045',	1,	NULL,	NULL),
(23,	'CENTRO DE INVESTIGACIONES Y DESARROLLO CIENTIFICO',	'http://metis.udistrital.edu.co/investigaciones/',	'Carrera 7 No. 40-53 - piso 3',	'3239300 - 3238400 Ext. 1320 - 2610',	'centroi@udistrital.edu.co',	'1',	'2025-10-31 01:22:12.282045',	1,	NULL,	NULL),
(19,	'ACADEMIA LUIS A. CALVO - ALAC',	'http://fasab.udistrital.edu.co:8080/educacionnoformal#alac',	'Carrera 9 No. 52 - 52',	'2492780-2486403',	'alac@udistrital.edu.co',	'1',	'2025-10-31 01:22:12.282045',	1,	NULL,	NULL);

DROP TABLE IF EXISTS "execution_modalities";
DROP SEQUENCE IF EXISTS execution_modalities_id_seq;
CREATE SEQUENCE execution_modalities_id_seq INCREMENT 1 MINVALUE 1 MAXVALUE 2147483647 CACHE 1;

CREATE TABLE "public"."execution_modalities" (
    "execution_modality_id" integer DEFAULT nextval('execution_modalities_id_seq') NOT NULL,
    "modality_name" character varying(100) NOT NULL,
    "modality_description" text,
    "is_active" boolean DEFAULT true NOT NULL,
    "created_at" timestamp DEFAULT CURRENT_TIMESTAMP NOT NULL,
    "created_by_user_id" integer,
    "updated_at" timestamp,
    "updated_by_user_id" integer,
    CONSTRAINT "pk_execution_modalities" PRIMARY KEY ("execution_modality_id")
) WITH (oids = false);

COMMENT ON TABLE "public"."execution_modalities" IS 'Catalog of project execution modalities';

CREATE UNIQUE INDEX uk_execution_modalities_name ON public.execution_modalities USING btree (modality_name);

INSERT INTO "execution_modalities" ("execution_modality_id", "modality_name", "modality_description", "is_active", "created_at", "created_by_user_id", "updated_at", "updated_by_user_id") VALUES
(4,	'CONSULTORÍAS',	NULL,	'1',	'2025-10-31 02:34:20.903109',	1,	NULL,	NULL),
(5,	'INTERVENTORÍA',	NULL,	'1',	'2025-10-31 02:34:20.903109',	1,	NULL,	NULL),
(6,	'ASISTENCIA TÉCNICA Y/O TECNOLÓGICA',	NULL,	'1',	'2025-10-31 02:34:20.903109',	1,	NULL,	NULL),
(7,	'VEEDURÍA',	NULL,	'1',	'2025-10-31 02:34:20.903109',	1,	NULL,	NULL),
(8,	'EDUCACIÓN PARA EL TRABAJO',	NULL,	'1',	'2025-10-31 02:34:20.903109',	1,	NULL,	NULL),
(9,	'PROYECTOS DE EDUCACIÓN CONTINUADA',	NULL,	'1',	'2025-10-31 02:34:20.903109',	1,	NULL,	NULL),
(10,	'PROYECTOS ESPECIALES',	NULL,	'1',	'2025-10-31 02:34:20.903109',	1,	NULL,	NULL),
(11,	'AUDITORÍAS',	NULL,	'1',	'2025-10-31 02:34:20.903109',	1,	NULL,	NULL),
(12,	'PERITAZGOS',	NULL,	'1',	'2025-10-31 02:34:20.903109',	1,	NULL,	NULL),
(13,	'ORDENES JUDICIALES',	NULL,	'1',	'2025-10-31 02:34:20.903109',	1,	NULL,	NULL),
(3,	'ASESORÍA',	NULL,	'1',	'2025-10-31 02:34:20.903109',	1,	NULL,	NULL);

DROP TABLE IF EXISTS "financing_types";
DROP SEQUENCE IF EXISTS financing_types_id_seq;
CREATE SEQUENCE financing_types_id_seq INCREMENT 1 MINVALUE 1 MAXVALUE 2147483647 CACHE 1;

CREATE TABLE "public"."financing_types" (
    "financing_type_id" integer DEFAULT nextval('financing_types_id_seq') NOT NULL,
    "financing_name" character varying(100) NOT NULL,
    "is_active" boolean DEFAULT true NOT NULL,
    CONSTRAINT "pk_financing_types" PRIMARY KEY ("financing_type_id")
) WITH (oids = false);

COMMENT ON TABLE "public"."financing_types" IS 'Catalog of financing types';

CREATE UNIQUE INDEX uk_financing_types_name ON public.financing_types USING btree (financing_name);

INSERT INTO "financing_types" ("financing_type_id", "financing_name", "is_active") VALUES
(1,	'FINANCIADO. Universidad = 0%',	'1'),
(3,	'DE COOPERACIÓN. Universidad = 50%',	'1'),
(4,	'DE SOLIDARIDAD. Universidad > 50%',	'1'),
(5,	'CONVENIO MARCO',	'1'),
(6,	'PROYECCIÓN SOCIAL UNIVERSITARIA',	'1'),
(2,	'COFINANCIADO. Universidad < 50%',	'1');

DROP TABLE IF EXISTS "migration_log";
DROP SEQUENCE IF EXISTS migration_log_log_id_seq;
CREATE SEQUENCE migration_log_log_id_seq INCREMENT 1 MINVALUE 1 MAXVALUE 2147483647 CACHE 1;

CREATE TABLE "public"."migration_log" (
    "log_id" integer DEFAULT nextval('migration_log_log_id_seq') NOT NULL,
    "migration_version" character varying(20) NOT NULL,
    "step_name" character varying(200) NOT NULL,
    "step_description" text,
    "executed_at" timestamp DEFAULT CURRENT_TIMESTAMP,
    "status" character varying(20) DEFAULT 'SUCCESS',
    CONSTRAINT "migration_log_pkey" PRIMARY KEY ("log_id")
) WITH (oids = false);

INSERT INTO "migration_log" ("log_id", "migration_version", "step_name", "step_description", "executed_at", "status") VALUES
(1,	'2.0',	'INICIO',	'Inicio de migración - Expansión de modificaciones',	'2025-11-26 19:52:46.445326',	'SUCCESS'),
(2,	'2.0',	'TABLA_PRINCIPAL',	'Tabla project_modifications modificada',	'2025-11-26 19:54:10.787039',	'SUCCESS'),
(3,	'2.0',	'SUSPENSIONS',	'Tabla modification_suspensions creada',	'2025-11-26 19:54:36.662679',	'SUCCESS'),
(4,	'2.0',	'ASSIGNMENTS',	'Tabla modification_assignments creada',	'2025-11-26 19:54:55.735905',	'SUCCESS'),
(5,	'2.0',	'LIQUIDATIONS',	'Tabla modification_liquidations creada',	'2025-11-26 19:55:13.447555',	'SUCCESS'),
(6,	'2.0',	'CLAUSE_CHANGES',	'Tabla modification_clause_changes creada',	'2025-11-26 19:55:28.188296',	'SUCCESS'),
(7,	'2.0',	'MOD_DOCUMENTS',	'Tabla modification_documents creada',	'2025-11-26 19:55:42.27551',	'SUCCESS');

DROP TABLE IF EXISTS "modification_assignments";
DROP SEQUENCE IF EXISTS modification_assignments_id_seq;
CREATE SEQUENCE modification_assignments_id_seq INCREMENT 1 MINVALUE 1 MAXVALUE 2147483647 CACHE 1;

CREATE TABLE "public"."modification_assignments" (
    "assignment_id" integer DEFAULT nextval('modification_assignments_id_seq') NOT NULL,
    "modification_id" integer NOT NULL,
    "assignment_type" character varying(30) NOT NULL,
    "assignor_name" character varying(200) NOT NULL,
    "assignor_id" character varying(50) NOT NULL,
    "assignor_id_type" character varying(10),
    "assignee_name" character varying(200) NOT NULL,
    "assignee_id" character varying(50) NOT NULL,
    "assignee_id_type" character varying(10),
    "supervisor_name" character varying(200),
    "supervisor_id" character varying(50),
    "assignment_date" date NOT NULL,
    "assignment_signature_date" date,
    "value_paid_to_assignor" numeric(15,2),
    "value_pending_to_assignor" numeric(15,2),
    "value_to_assign" numeric(15,2) NOT NULL,
    "handover_report_path" character varying(300),
    "technical_report_path" character varying(300),
    "account_statement_path" character varying(300),
    "cdp" character varying(100),
    "rp" character varying(100),
    "guarantee_modification_request" text,
    "related_derived_project_id" integer,
    "created_at" timestamp DEFAULT CURRENT_TIMESTAMP NOT NULL,
    "created_by_user_id" integer,
    "is_active" boolean DEFAULT true NOT NULL,
    CONSTRAINT "pk_modification_assignments" PRIMARY KEY ("assignment_id"),
    CONSTRAINT "ck_assignment_type" CHECK (((assignment_type)::text = ANY ((ARRAY['UNIVERSITY_AS_ASSIGNEE'::character varying, 'UNIVERSITY_AS_ASSIGNOR'::character varying])::text[])))
) WITH (oids = false);

COMMENT ON TABLE "public"."modification_assignments" IS 'Detalles de cesiones contractuales';

CREATE INDEX idx_assignments_modification ON public.modification_assignments USING btree (modification_id);

CREATE INDEX idx_assignments_type ON public.modification_assignments USING btree (assignment_type);

INSERT INTO "modification_assignments" ("assignment_id", "modification_id", "assignment_type", "assignor_name", "assignor_id", "assignor_id_type", "assignee_name", "assignee_id", "assignee_id_type", "supervisor_name", "supervisor_id", "assignment_date", "assignment_signature_date", "value_paid_to_assignor", "value_pending_to_assignor", "value_to_assign", "handover_report_path", "technical_report_path", "account_statement_path", "cdp", "rp", "guarantee_modification_request", "related_derived_project_id", "created_at", "created_by_user_id", "is_active") VALUES
(2,	35,	'UNIVERSITY_AS_ASSIGNOR',	'Universidad Nacional',	'102030405060',	'CC',	'A P',	'1030699675',	'CC',	'Andres Pineda',	'1030699675',	'2025-12-02',	'2025-12-03',	2.00,	3.00,	1.00,	'ruta1',	'ruta2',	'ruta3',	NULL,	NULL,	'descripcion',	NULL,	'2025-12-02 20:44:34.358173',	NULL,	'1');

DROP TABLE IF EXISTS "modification_clause_changes";
DROP SEQUENCE IF EXISTS modification_clause_changes_id_seq;
CREATE SEQUENCE modification_clause_changes_id_seq INCREMENT 1 MINVALUE 1 MAXVALUE 2147483647 CACHE 1;

CREATE TABLE "public"."modification_clause_changes" (
    "clause_change_id" integer DEFAULT nextval('modification_clause_changes_id_seq') NOT NULL,
    "modification_id" integer NOT NULL,
    "clause_number" character varying(20) NOT NULL,
    "clause_name" character varying(200) NOT NULL,
    "original_clause_text" text,
    "new_clause_text" text NOT NULL,
    "requires_resource_liberation" boolean DEFAULT false,
    "cdp_to_release" character varying(100),
    "rp_to_release" character varying(100),
    "liberation_amount" numeric(15,2),
    "created_at" timestamp DEFAULT CURRENT_TIMESTAMP NOT NULL,
    "created_by_user_id" integer,
    "is_active" boolean DEFAULT true NOT NULL,
    CONSTRAINT "pk_modification_clause_changes" PRIMARY KEY ("clause_change_id")
) WITH (oids = false);

COMMENT ON TABLE "public"."modification_clause_changes" IS 'Modificaciones de cláusulas contractuales';

CREATE INDEX idx_clause_changes_modification ON public.modification_clause_changes USING btree (modification_id);

INSERT INTO "modification_clause_changes" ("clause_change_id", "modification_id", "clause_number", "clause_name", "original_clause_text", "new_clause_text", "requires_resource_liberation", "cdp_to_release", "rp_to_release", "liberation_amount", "created_at", "created_by_user_id", "is_active") VALUES
(1,	15,	'3',	'Forma de pago',	'cambios texto original',	'nuevo texto de la clausula',	'1',	'123',	'456',	8000000.00,	'2025-11-27 21:01:30.674907',	NULL,	'1');

DROP TABLE IF EXISTS "modification_documents";
DROP SEQUENCE IF EXISTS modification_documents_id_seq;
CREATE SEQUENCE modification_documents_id_seq INCREMENT 1 MINVALUE 1 MAXVALUE 2147483647 CACHE 1;

CREATE TABLE "public"."modification_documents" (
    "mod_document_id" integer DEFAULT nextval('modification_documents_id_seq') NOT NULL,
    "modification_id" integer NOT NULL,
    "document_id" integer NOT NULL,
    "document_role" character varying(50),
    "attached_at" timestamp DEFAULT CURRENT_TIMESTAMP NOT NULL,
    "attached_by_user_id" integer,
    "is_active" boolean DEFAULT true NOT NULL,
    CONSTRAINT "pk_modification_documents" PRIMARY KEY ("mod_document_id")
) WITH (oids = false);

COMMENT ON TABLE "public"."modification_documents" IS 'Documentos adjuntos a modificaciones';

CREATE UNIQUE INDEX uk_mod_docs_unique ON public.modification_documents USING btree (modification_id, document_id);

CREATE INDEX idx_mod_docs_modification ON public.modification_documents USING btree (modification_id);

CREATE INDEX idx_mod_docs_document ON public.modification_documents USING btree (document_id);


DROP TABLE IF EXISTS "modification_liquidations";
DROP SEQUENCE IF EXISTS modification_liquidations_id_seq;
CREATE SEQUENCE modification_liquidations_id_seq INCREMENT 1 MINVALUE 1 MAXVALUE 2147483647 CACHE 1;

CREATE TABLE "public"."modification_liquidations" (
    "liquidation_id" integer DEFAULT nextval('modification_liquidations_id_seq') NOT NULL,
    "modification_id" integer NOT NULL,
    "liquidation_type" character varying(20) NOT NULL,
    "resolution_number" character varying(50),
    "resolution_date" date,
    "unilateral_cause" text,
    "cause_analysis" text,
    "initial_contract_value" numeric(15,2) NOT NULL,
    "final_value_with_additions" numeric(15,2) NOT NULL,
    "execution_percentage" numeric(5,2) NOT NULL,
    "executed_value" numeric(15,2) NOT NULL,
    "pending_payment_value" numeric(15,2),
    "value_to_release" numeric(15,2),
    "cdp" character varying(100),
    "cdp_value" numeric(15,2),
    "rp" character varying(100),
    "rp_value" numeric(15,2),
    "suspensions_summary" jsonb,
    "extensions_summary" jsonb,
    "additions_summary" jsonb,
    "liquidation_date" date NOT NULL,
    "liquidation_signature_date" date,
    "supervisor_liquidation_request" text NOT NULL,
    "created_at" timestamp DEFAULT CURRENT_TIMESTAMP NOT NULL,
    "created_by_user_id" integer,
    "is_active" boolean DEFAULT true NOT NULL,
    CONSTRAINT "pk_modification_liquidations" PRIMARY KEY ("liquidation_id"),
    CONSTRAINT "ck_liquidation_type" CHECK (((liquidation_type)::text = ANY ((ARRAY['BILATERAL'::character varying, 'UNILATERAL'::character varying])::text[]))),
    CONSTRAINT "ck_liquidation_percentage" CHECK (((execution_percentage >= (0)::numeric) AND (execution_percentage <= (100)::numeric))),
    CONSTRAINT "ck_unilateral_resolution" CHECK (((((liquidation_type)::text = 'UNILATERAL'::text) AND (resolution_number IS NOT NULL) AND (unilateral_cause IS NOT NULL)) OR ((liquidation_type)::text = 'BILATERAL'::text)))
) WITH (oids = false);

COMMENT ON TABLE "public"."modification_liquidations" IS 'Detalles de liquidaciones contractuales';

CREATE INDEX idx_liquidations_modification ON public.modification_liquidations USING btree (modification_id);

CREATE INDEX idx_liquidations_type ON public.modification_liquidations USING btree (liquidation_type);

INSERT INTO "modification_liquidations" ("liquidation_id", "modification_id", "liquidation_type", "resolution_number", "resolution_date", "unilateral_cause", "cause_analysis", "initial_contract_value", "final_value_with_additions", "execution_percentage", "executed_value", "pending_payment_value", "value_to_release", "cdp", "cdp_value", "rp", "rp_value", "suspensions_summary", "extensions_summary", "additions_summary", "liquidation_date", "liquidation_signature_date", "supervisor_liquidation_request", "created_at", "created_by_user_id", "is_active") VALUES
(1,	32,	'UNILATERAL',	'ACTA 002-756',	'2025-12-02',	'causa ninguna',	'analisis ninguna',	250000000.00,	250000000.00,	50.00,	100000000.00,	100000000.00,	NULL,	NULL,	NULL,	NULL,	NULL,	NULL,	NULL,	NULL,	'2025-12-03',	'2025-12-03',	'observaciones',	'2025-12-02 20:04:58.85755',	NULL,	'1'),
(2,	37,	'UNILATERAL',	'ACTA 002-756',	'2025-12-03',	'nada',	'no se',	250000000.00,	250000000.00,	10.00,	10000000.00,	NULL,	NULL,	NULL,	NULL,	NULL,	NULL,	NULL,	NULL,	NULL,	'2025-12-03',	'2026-03-04',	'ilyog',	'2025-12-04 21:36:18.747153',	NULL,	'1');

DROP TABLE IF EXISTS "modification_suspensions";
DROP SEQUENCE IF EXISTS modification_suspensions_id_seq;
CREATE SEQUENCE modification_suspensions_id_seq INCREMENT 1 MINVALUE 1 MAXVALUE 2147483647 CACHE 1;

CREATE TABLE "public"."modification_suspensions" (
    "suspension_id" integer DEFAULT nextval('modification_suspensions_id_seq') NOT NULL,
    "modification_id" integer NOT NULL,
    "suspension_start_date" date NOT NULL,
    "suspension_end_date" date NOT NULL,
    "planned_restart_date" date NOT NULL,
    "actual_restart_date" date,
    "contractor_justification" text NOT NULL,
    "supervisor_justification" text NOT NULL,
    "entity_supervisor_name" character varying(200),
    "entity_supervisor_id" character varying(50),
    "entity_supervisor_signature_date" date,
    "suspension_status" character varying(20) DEFAULT 'ACTIVE',
    "restart_modification_id" integer,
    "created_at" timestamp DEFAULT CURRENT_TIMESTAMP NOT NULL,
    "created_by_user_id" integer,
    "is_active" boolean DEFAULT true NOT NULL,
    CONSTRAINT "pk_modification_suspensions" PRIMARY KEY ("suspension_id"),
    CONSTRAINT "ck_suspension_dates" CHECK ((suspension_end_date >= suspension_start_date)),
    CONSTRAINT "ck_suspension_status" CHECK (((suspension_status)::text = ANY ((ARRAY['ACTIVE'::character varying, 'RESTARTED'::character varying, 'CANCELLED'::character varying])::text[])))
) WITH (oids = false);

COMMENT ON TABLE "public"."modification_suspensions" IS 'Detalles de suspensiones y reinicios';

CREATE INDEX idx_suspensions_modification ON public.modification_suspensions USING btree (modification_id);

CREATE INDEX idx_suspensions_status ON public.modification_suspensions USING btree (suspension_status);

INSERT INTO "modification_suspensions" ("suspension_id", "modification_id", "suspension_start_date", "suspension_end_date", "planned_restart_date", "actual_restart_date", "contractor_justification", "supervisor_justification", "entity_supervisor_name", "entity_supervisor_id", "entity_supervisor_signature_date", "suspension_status", "restart_modification_id", "created_at", "created_by_user_id", "is_active") VALUES
(1,	22,	'2025-12-01',	'2025-12-11',	'2025-12-10',	'2026-01-07',	'PROBLEMA_TECNICO',	'observaciones de la suspension',	NULL,	NULL,	'2026-01-07',	'RESTARTED',	23,	'2025-12-01 17:22:56.311666',	NULL,	'1');

DROP TABLE IF EXISTS "ordering_officials";
DROP SEQUENCE IF EXISTS ordering_officials_id_seq;
CREATE SEQUENCE ordering_officials_id_seq INCREMENT 1 MINVALUE 1 MAXVALUE 2147483647 CACHE 1;

CREATE TABLE "public"."ordering_officials" (
    "official_id" integer DEFAULT nextval('ordering_officials_id_seq') NOT NULL,
    "first_name" character varying(50) NOT NULL,
    "second_name" character varying(50),
    "first_surname" character varying(50) NOT NULL,
    "second_surname" character varying(50),
    "identification_type" character varying(10) NOT NULL,
    "identification_number" character varying(20) NOT NULL,
    "appointment_resolution" character varying(50),
    "resolution_date" date,
    "institutional_email" character varying(200),
    "phone" character varying(50),
    "is_active" boolean DEFAULT true NOT NULL,
    "created_at" timestamp DEFAULT CURRENT_TIMESTAMP NOT NULL,
    "created_by_user_id" integer,
    "updated_at" timestamp,
    "updated_by_user_id" integer,
    CONSTRAINT "pk_ordering_officials" PRIMARY KEY ("official_id"),
    CONSTRAINT "ck_ordering_officials_id_type" CHECK (((identification_type)::text = ANY ((ARRAY['CC'::character varying, 'CE'::character varying, 'TI'::character varying, 'PP'::character varying, 'NIT'::character varying])::text[])))
) WITH (oids = false);

COMMENT ON TABLE "public"."ordering_officials" IS 'Officials authorized to order expenditures';

CREATE UNIQUE INDEX uk_ordering_officials_identification ON public.ordering_officials USING btree (identification_type, identification_number);

CREATE INDEX idx_ordering_officials_active ON public.ordering_officials USING btree (is_active);

INSERT INTO "ordering_officials" ("official_id", "first_name", "second_name", "first_surname", "second_surname", "identification_type", "identification_number", "appointment_resolution", "resolution_date", "institutional_email", "phone", "is_active", "created_at", "created_by_user_id", "updated_at", "updated_by_user_id") VALUES
(3,	'AURA',	'DILIA',	'DIAZ',	'CEPEDA',	'CC',	'40012684',	NULL,	NULL,	'auradil@hotmail.com',	'3123729362',	'1',	'2025-10-31 02:35:42.010494',	1,	NULL,	NULL),
(5,	'ALEX',	NULL,	'MARTÍNEZ',	'MINA',	'CC',	'79843357',	NULL,	NULL,	'alex-mina18@hotmail.com',	'3124093811',	'1',	'2025-10-31 02:35:42.010494',	1,	NULL,	NULL),
(6,	'MARTHA',	'LUCIA',	'LUGO',	'LEÓN',	'CC',	'51865887',	NULL,	NULL,	'marthal_lugo@hotmail.com',	'3152924137',	'1',	'2025-10-31 02:35:42.010494',	1,	NULL,	NULL),
(7,	'RUBY',	'ESPERANZA',	'YAYA',	'ESCOBAR',	'CC',	'1010162101',	NULL,	NULL,	'rubyyaya@gmail.com',	'311864329',	'1',	'2025-10-31 02:35:42.010494',	1,	NULL,	NULL),
(8,	'MÁBEL',	NULL,	'CASTILLO',	'HERNÁNDEZ',	'CC',	'52017452',	NULL,	NULL,	'mbelc2002@gmail.com',	'3108709785',	'1',	'2025-10-31 02:35:42.010494',	1,	NULL,	NULL),
(9,	'NELSON',	'DIDIMO',	'ROCHA',	'ROJAS',	'CC',	'19244017',	NULL,	NULL,	'idexud@udistrital.edu.co',	'3214680001',	'1',	'2025-10-31 02:35:42.010494',	1,	NULL,	NULL),
(10,	'JORGE',	'ELIECER',	'SUAREZ',	'SANDOVAL',	'CC',	'80155979',	NULL,	NULL,	'jesuarezs@hotmail.com',	'3178283815',	'1',	'2025-10-31 02:35:42.010494',	1,	NULL,	NULL),
(11,	'HUMBERTO',	NULL,	'BOCANEGRA',	'LEAL',	'CC',	'11297402',	NULL,	NULL,	'humbolya@yahoo.com',	'3007814350',	'1',	'2025-10-31 02:35:42.010494',	1,	NULL,	NULL),
(12,	'GIOVANNY',	'MAURICIO',	'TARAZONA',	'BERMUDEZ',	'CC',	'79571941',	NULL,	NULL,	'gtarazona@gmail.com',	NULL,	'1',	'2025-10-31 02:35:42.010494',	1,	NULL,	NULL),
(13,	'YAMILE',	NULL,	'LEÓN',	'GONZÁLEZ',	'CC',	'52171047',	NULL,	NULL,	'yamis28@hotmail.com',	'3105870021',	'1',	'2025-10-31 02:35:42.010494',	1,	NULL,	NULL),
(14,	'FREDY',	'ALEJANDRO',	'MARTINEZ',	'ALVAREZ',	'CC',	'11224153',	NULL,	NULL,	'famartineza@udistrital.edu.co',	'3002176863',	'1',	'2025-10-31 02:35:42.010494',	1,	NULL,	NULL),
(15,	'YAMILE',	NULL,	'FRANCO',	'MARTÍNEZ',	'CC',	'52194868',	NULL,	NULL,	'yamilefranco_col@yahoo.es',	'3202336958',	'1',	'2025-10-31 02:35:42.010494',	1,	NULL,	NULL),
(16,	'PEDRO',	'LUIS',	'MANJARRÉS',	'CUELLO',	'CC',	'79315756',	NULL,	NULL,	'plumac@udistrital.edu.co',	'3163347998',	'1',	'2025-10-31 02:35:42.010494',	1,	NULL,	NULL),
(17,	'MARITZA',	'LIZETH',	'CARDENAS',	'CARDOZO',	'CC',	'53120355',	NULL,	NULL,	'cc.maritza@gmail.com',	NULL,	'1',	'2025-10-31 02:35:42.010494',	1,	NULL,	NULL),
(19,	'NIDIA',	'LISBETH',	'CASTRO',	'BORBON',	'CC',	'20485805',	NULL,	NULL,	'nilicas@hotmail.com',	'3115707784',	'1',	'2025-10-31 02:35:42.010494',	1,	NULL,	NULL),
(20,	'NATALY',	'ALEJANDRA',	'VARGAS',	'GALVIS',	'CC',	'1032359374',	NULL,	NULL,	'navg_2@yahoo.es',	'3158744390',	'1',	'2025-10-31 02:35:42.010494',	1,	NULL,	NULL),
(21,	'JOSÉ',	'GABRIEL',	'GRANADOS',	'TROMPETERO',	'CC',	'80058672',	NULL,	NULL,	'jggtminority@hotmail.com',	'3168152048',	'1',	'2025-10-31 02:35:42.010494',	1,	NULL,	NULL),
(23,	'CAMILO',	'ANDRÉS',	'GONZALEZ',	'CORTÉS',	'CC',	'80932020',	NULL,	NULL,	'cadcamilo@hotmail.com',	'3202207411',	'1',	'2025-10-31 02:35:42.010494',	1,	NULL,	NULL),
(24,	'JOSÉ',	'RAMIRO',	'BERTIERI',	'QUINTERO',	'CC',	'80497293',	NULL,	NULL,	'jrbertieriq@udistrital.edu.co',	'3003050591',	'1',	'2025-10-31 02:35:42.010494',	1,	NULL,	NULL),
(25,	'FRANKLIN',	NULL,	'SARMIENTO',	'MEDINA',	'CC',	'1065567264',	NULL,	NULL,	'frasam_black@hotmail.com',	'3208282815',	'1',	'2025-10-31 02:35:42.010494',	1,	NULL,	NULL),
(26,	'CLAUDIA',	'MARCELA',	'CHAVARRO',	'CAMARGO',	'CC',	'52827892',	NULL,	NULL,	'abogadaclaudiach@hotmail.com',	'3213242919',	'1',	'2025-10-31 02:35:42.010494',	1,	NULL,	NULL),
(27,	'ANA',	'CRISTINA',	'SALAZAR',	'ESTUPIÑÁN',	'CC',	'36283495',	NULL,	NULL,	'anacristinasalazar@gmail.com',	NULL,	'1',	'2025-10-31 02:35:42.010494',	1,	NULL,	NULL),
(29,	'KATERIN',	NULL,	'CASTRO',	'ROJAS',	'CC',	'52780587',	NULL,	NULL,	'katacas@hotmail.com',	'0',	'1',	'2025-10-31 02:35:42.010494',	1,	NULL,	NULL),
(30,	'ALEXANDER',	NULL,	'GARCES',	'PERDOMO',	'CC',	'79653382',	NULL,	NULL,	'ibasnaka@hotmail.com',	'3102434464',	'1',	'2025-10-31 02:35:42.010494',	1,	NULL,	NULL),
(31,	'MARÍA',	'EUGENIA',	'CALDERÓN',	NULL,	'CC',	'51903175',	NULL,	NULL,	'idexud@udistrital.edu.co',	'3002234910',	'1',	'2025-10-31 02:35:42.010494',	1,	NULL,	NULL),
(32,	'CAROLINA',	NULL,	'GONZALEZ',	'VALDERRAMA',	'CC',	'38553668',	NULL,	NULL,	'cgvalder@yahoo.com',	'0',	'1',	'2025-10-31 02:35:42.010494',	1,	NULL,	NULL),
(33,	'YARO',	'ALEJANDRO',	'CHAPARRO',	'OLAYA',	'CC',	'79966652',	NULL,	NULL,	'correo@correo.com',	NULL,	'1',	'2025-10-31 02:35:42.010494',	1,	NULL,	NULL),
(34,	'CAROLINA',	NULL,	'GUTIERREZ',	'REY',	'CC',	'52450536',	NULL,	NULL,	'contratacionidexud@udistrital.edu.co',	'3112925236',	'1',	'2025-10-31 02:35:42.010494',	1,	NULL,	NULL),
(35,	'ANA',	'MILENA',	'BERDUGO',	'MORENO',	'CC',	'52430721',	NULL,	NULL,	'anami05@gmail.com',	NULL,	'1',	'2025-10-31 02:35:42.010494',	1,	NULL,	NULL),
(36,	'MAURICIO',	'JAVIER',	'FRANCO',	'PARDO',	'CC',	'79423433',	NULL,	NULL,	'mjfrancop@udistrital.edu.co',	NULL,	'1',	'2025-10-31 02:35:42.010494',	1,	NULL,	NULL),
(37,	'LINA',	'MARIA',	'LEAL',	'HERNANDEZ',	'CC',	'53178517',	NULL,	NULL,	'leal.lina@gmail.com',	NULL,	'1',	'2025-10-31 02:35:42.010494',	1,	NULL,	NULL),
(38,	'LORELY',	'RACHEL',	'CANTERA',	'BAÑOS',	'PP',	'425743',	NULL,	NULL,	'lrcanterab@yahoo.es',	NULL,	'1',	'2025-10-31 02:35:42.010494',	1,	NULL,	NULL),
(39,	'ROSA',	'MARIA',	'DIAZ',	NULL,	'CC',	'33311528',	NULL,	NULL,	'rmdiaza@udistrital.edu.co',	NULL,	'1',	'2025-10-31 02:35:42.010494',	1,	NULL,	NULL),
(40,	'ZAIRA',	'LORENA',	'LEON',	'LUNA',	'CC',	'1010177627',	NULL,	NULL,	'lore06221@hotmail.com',	NULL,	'1',	'2025-10-31 02:35:42.010494',	1,	NULL,	NULL),
(41,	'ALIX',	'ADRIANA',	'LOZANO',	'RONDON',	'CC',	'53029439',	NULL,	NULL,	'alixlozano@hotmail.com',	NULL,	'1',	'2025-10-31 02:35:42.010494',	1,	NULL,	NULL),
(42,	'ANGEL',	'EDUARDO',	'MORENO',	'OCAMPO',	'CC',	'79400656',	NULL,	NULL,	'aemorenoo@udistrital.edu.co',	NULL,	'1',	'2025-10-31 02:35:42.010494',	1,	NULL,	NULL),
(43,	'DIEGO',	'ANDRES',	'NIÑO',	'MALDONADO',	'CC',	'80227394',	NULL,	NULL,	'daninom@udistrital.edu.co',	'1',	'1',	'2025-10-31 02:35:42.010494',	1,	NULL,	NULL),
(44,	'JENNY',	'MARCELA',	'NIÑO',	'MARTINEZ',	'CC',	'1024464051',	NULL,	NULL,	'jennymar191@gmail.com',	NULL,	'1',	'2025-10-31 02:35:42.010494',	1,	NULL,	NULL),
(45,	'EUGENIO',	NULL,	'TIBANA',	'CACERES',	'CC',	'79455294',	NULL,	NULL,	'etibanac@gmail.com',	NULL,	'1',	'2025-10-31 02:35:42.010494',	1,	NULL,	NULL),
(46,	'MYRIAM',	NULL,	'VARON',	'GARZON',	'CC',	'39715998',	NULL,	NULL,	'mvaron@udistrital.edu.co',	NULL,	'1',	'2025-10-31 02:35:42.010494',	1,	NULL,	NULL),
(47,	'LAURA',	'PAOLA',	'VELANDIA',	'ARIZA',	'CC',	'1032399952',	NULL,	NULL,	'lalapao87@hotmail.com',	NULL,	'1',	'2025-10-31 02:35:42.010494',	1,	NULL,	NULL),
(48,	'OLIVIA',	'PATRICIA',	'CAICEDO',	'CENTENO',	'CC',	'52422879',	NULL,	NULL,	'olivia_c_centeno@hotmail.com',	NULL,	'1',	'2025-10-31 02:35:42.010494',	1,	NULL,	NULL),
(49,	'JORGE',	'ENRIQUE',	'CIFUENTES',	'GONZALEZ',	'CC',	'79120966',	NULL,	NULL,	'jercgz43@yahoo.es',	NULL,	'1',	'2025-10-31 02:35:42.010494',	1,	NULL,	NULL),
(50,	'ROSA',	NULL,	'ESTUPIÑÁN',	'ELJACH',	'CC',	'51872432',	NULL,	NULL,	'rosaestupinane@gmail.com',	NULL,	'1',	'2025-10-31 02:35:42.010494',	1,	NULL,	NULL),
(51,	'ALIRIO',	'HUMBERTO',	'LOZANO',	'ROMERO',	'CC',	'79756697',	NULL,	NULL,	'humbertoh20@gmail.com',	NULL,	'1',	'2025-10-31 02:35:42.010494',	1,	NULL,	NULL),
(52,	'HEIDY',	'YULIETH',	'ROPERO',	'TRIVIÑO',	'CC',	'53893016',	NULL,	NULL,	'heirotri05@hotmail.com',	NULL,	'1',	'2025-10-31 02:35:42.010494',	1,	NULL,	NULL),
(53,	'SONIA',	'YINNETH',	'SANCHEZ',	'DANIELS',	'CC',	'35394470',	NULL,	NULL,	'sysd23@hotmail.com',	NULL,	'1',	'2025-10-31 02:35:42.010494',	1,	NULL,	NULL),
(54,	'SAIDY',	'MARCELA',	'SANCHEZ',	'CAMACHO',	'CC',	'1071579849',	NULL,	NULL,	'saidysanchez_210@hotmail.com',	NULL,	'1',	'2025-10-31 02:35:42.010494',	1,	NULL,	NULL),
(55,	'MARIA',	'VIRGINIA',	'SUAREZ',	'SUAREZ',	'CC',	'35502143',	NULL,	NULL,	'idexud@udistrital.edu.co',	NULL,	'1',	'2025-10-31 02:35:42.010494',	1,	NULL,	NULL),
(56,	'EDUAR',	'ANTONIO',	'ZABALA',	'MEJIA',	'CC',	'1136882744',	NULL,	NULL,	'eduarzaz@hotmail.com',	NULL,	'1',	'2025-10-31 02:35:42.010494',	1,	NULL,	NULL),
(57,	'DIANA',	'ASTRID',	'SUAN',	'MARTINEZ',	'CC',	'1055273127',	NULL,	NULL,	'dianasuan10@gmail.com',	NULL,	'1',	'2025-10-31 02:35:42.010494',	1,	NULL,	NULL),
(58,	'MAGDA',	'ELIANA',	'VARGAS',	'VELOZA',	'CC',	'52476894',	NULL,	NULL,	'elyda2116@gmail.com',	NULL,	'1',	'2025-10-31 02:35:42.010494',	1,	NULL,	NULL),
(59,	'LUZ',	'ALBA',	'BENITEZ',	'SAZA',	'CC',	'52132266',	NULL,	NULL,	'labenitez@udistrital.edu.co',	NULL,	'1',	'2025-10-31 02:35:42.010494',	1,	NULL,	NULL),
(60,	'JIMMY',	'ARTURO',	'GOMEZ',	'SARMIENTO',	'CC',	'11187239',	NULL,	NULL,	'jags1304@hotmail.com',	NULL,	'1',	'2025-10-31 02:35:42.010494',	1,	NULL,	NULL),
(61,	'PEDRO',	'RICARDO',	'RUIZ',	'CASTRO',	'CC',	'15682615',	NULL,	NULL,	'ricardoruckas@hotmail.com',	NULL,	'1',	'2025-10-31 02:35:42.010494',	1,	NULL,	NULL),
(62,	'SANDRA',	'MILENA',	'VELASQUEZ',	'ESPINOSA',	'CC',	'52270434',	NULL,	NULL,	'milenavel1@yahoo.es',	'3144619193',	'1',	'2025-10-31 02:35:42.010494',	1,	NULL,	NULL),
(18,	'ADRIANA',	'LORENA',	'GARCIA',	'GONZALEZ',	'CC',	'20401420',	NULL,	NULL,	'alogarciag@gmail.com',	'3114581375',	'1',	'2025-10-31 02:35:42.010494',	1,	NULL,	NULL),
(22,	'ANGIE',	'KATHERINNE',	'BARRAGAN',	'POVEDA',	'CC',	'52738755',	NULL,	NULL,	'angiekaba@hotmail.com',	'3208086426',	'1',	'2025-10-31 02:35:42.010494',	1,	'2025-12-06 02:09:18.631733',	1),
(4,	'GUILLERMO',	'EDUARDO',	'ALFONSO',	'GUTIERREZ',	'CC',	'79464398',	NULL,	NULL,	NULL,	'3115069392',	'0',	'2025-10-31 02:35:42.010494',	1,	'2025-12-06 02:13:12.696807',	1),
(28,	'VIVIANA',	NULL,	'AYA',	'ROA',	'CC',	'1024471416',	NULL,	NULL,	'viayaroa@hotmail.com',	NULL,	'0',	'2025-10-31 02:35:42.010494',	1,	'2025-12-06 02:13:13.36904',	1);

DROP TABLE IF EXISTS "project_document_types";
DROP SEQUENCE IF EXISTS project_document_types_id_seq;
CREATE SEQUENCE project_document_types_id_seq INCREMENT 1 MINVALUE 1 MAXVALUE 2147483647 CACHE 1;

CREATE TABLE "public"."project_document_types" (
    "document_type_id" integer DEFAULT nextval('project_document_types_id_seq') NOT NULL,
    "type_code" character varying(10) NOT NULL,
    "type_name" character varying(100) NOT NULL,
    "type_description" text,
    "is_active" boolean DEFAULT true NOT NULL,
    CONSTRAINT "pk_project_document_types" PRIMARY KEY ("document_type_id")
) WITH (oids = false);

COMMENT ON TABLE "public"."project_document_types" IS 'Catalog of document types for projects';

CREATE UNIQUE INDEX uk_project_document_types_code ON public.project_document_types USING btree (type_code);

CREATE UNIQUE INDEX uk_project_document_types_name ON public.project_document_types USING btree (type_name);

INSERT INTO "project_document_types" ("document_type_id", "type_code", "type_name", "type_description", "is_active") VALUES
(1,	'CONV',	'Agreement/Convention',	'Main project agreement or convention document',	'1'),
(2,	'RPT',	'Progress Report',	'Project progress and status report',	'1');

DROP TABLE IF EXISTS "project_documents";
DROP SEQUENCE IF EXISTS project_documents_id_seq;
CREATE SEQUENCE project_documents_id_seq INCREMENT 1 MINVALUE 1 MAXVALUE 2147483647 CACHE 1;

CREATE TABLE "public"."project_documents" (
    "document_id" integer DEFAULT nextval('project_documents_id_seq') NOT NULL,
    "project_year" smallint NOT NULL,
    "internal_project_number" smallint NOT NULL,
    "document_number" integer NOT NULL,
    "document_type_id" integer NOT NULL,
    "document_name" character varying(200) NOT NULL,
    "document_description" text,
    "document_date" date,
    "file_path" character varying(300),
    "original_filename" character varying(200),
    "file_extension" character varying(10),
    "file_size" integer,
    "is_minutes" boolean DEFAULT false,
    "minutes_number" integer,
    "document_status" character varying(20) DEFAULT 'ACTIVE',
    "signature_date" date,
    "document_version" smallint DEFAULT '1',
    "observations" text,
    "is_confidential" boolean DEFAULT false,
    "is_active" boolean DEFAULT true NOT NULL,
    "created_at" timestamp DEFAULT CURRENT_TIMESTAMP NOT NULL,
    "created_by_user_id" integer,
    "updated_at" timestamp,
    "updated_by_user_id" integer,
    CONSTRAINT "pk_project_documents" PRIMARY KEY ("document_id"),
    CONSTRAINT "ck_documents_file_size" CHECK (((file_size IS NULL) OR (file_size > 0)))
) WITH (oids = false);

COMMENT ON TABLE "public"."project_documents" IS 'Documents attached to projects';

COMMENT ON COLUMN "public"."project_documents"."is_minutes" IS 'Indicates if the document is meeting minutes';

COMMENT ON COLUMN "public"."project_documents"."is_confidential" IS 'Indicates if the document is confidential';

CREATE INDEX idx_documents_year ON public.project_documents USING btree (project_year);

CREATE INDEX idx_documents_type ON public.project_documents USING btree (document_type_id);

CREATE INDEX idx_documents_date ON public.project_documents USING btree (document_date);


DROP TABLE IF EXISTS "project_modifications";
DROP SEQUENCE IF EXISTS project_modifications_id_seq;
CREATE SEQUENCE project_modifications_id_seq INCREMENT 1 MINVALUE 1 MAXVALUE 2147483647 CACHE 1;

CREATE TABLE "public"."project_modifications" (
    "modification_id" integer DEFAULT nextval('project_modifications_id_seq') NOT NULL,
    "project_id" integer NOT NULL,
    "modification_number" smallint NOT NULL,
    "modification_type" character varying(20) NOT NULL,
    "addition_value" numeric(15,2),
    "extension_days" integer,
    "new_end_date" date,
    "new_total_value" numeric(15,2),
    "justification" text,
    "administrative_act" character varying(50),
    "approval_date" date,
    "created_by_user_id" integer,
    "created_at" timestamp DEFAULT CURRENT_TIMESTAMP NOT NULL,
    "is_active" boolean DEFAULT true NOT NULL,
    "extension_period_text" character varying(200),
    "supervisor_name" character varying(200),
    "supervisor_id" character varying(50),
    "supervisor_entity_name" character varying(200),
    "cdp" character varying(100),
    "cdp_value" numeric(15,2),
    "rp" character varying(100),
    "rp_value" numeric(15,2),
    "requires_policy_update" boolean DEFAULT false,
    "policy_update_description" text,
    "payment_method_modification" text,
    "updated_at" timestamp,
    "updated_by_user_id" integer,
    "entity_legal_representative_name" character varying(200),
    "entity_legal_representative_id" character varying(50),
    "entity_legal_representative_id_type" character varying(10),
    "ordering_official_id" integer,
    CONSTRAINT "pk_project_modifications" PRIMARY KEY ("modification_id"),
    CONSTRAINT "ck_modifications_type" CHECK (((modification_type)::text = ANY (ARRAY[('ADDITION'::character varying)::text, ('EXTENSION'::character varying)::text, ('BOTH'::character varying)::text, ('MODIFICATION'::character varying)::text, ('SCOPE'::character varying)::text, ('SUSPENSION'::character varying)::text, ('RESTART'::character varying)::text, ('ASSIGNMENT'::character varying)::text, ('LIQUIDATION'::character varying)::text]))),
    CONSTRAINT "ck_modifications_values" CHECK (((((modification_type)::text = 'ADDITION'::text) AND (addition_value IS NOT NULL)) OR (((modification_type)::text = 'EXTENSION'::text) AND (extension_days IS NOT NULL)) OR (((modification_type)::text = 'BOTH'::text) AND (addition_value IS NOT NULL) AND (extension_days IS NOT NULL)) OR ((modification_type)::text = ANY ((ARRAY['SUSPENSION'::character varying, 'RESTART'::character varying, 'LIQUIDATION'::character varying, 'ASSIGNMENT'::character varying, 'MODIFICATION'::character varying, 'SCOPE'::character varying])::text[]))))
) WITH (oids = false);

COMMENT ON TABLE "public"."project_modifications" IS 'Modifications to projects (budget additions, time extensions)';

COMMENT ON COLUMN "public"."project_modifications"."modification_type" IS 'Tipo: EXTENSION, ADDITION, BOTH, MODIFICATION, SCOPE, SUSPENSION, RESTART, ASSIGNMENT, LIQUIDATION';

COMMENT ON COLUMN "public"."project_modifications"."extension_period_text" IS 'Descripción textual del período: ej. CINCO (5) MESES Y VEINTITRES (23) DÍAS';

COMMENT ON COLUMN "public"."project_modifications"."cdp" IS 'Certificado de Disponibilidad Presupuestal';

COMMENT ON COLUMN "public"."project_modifications"."rp" IS 'Registro Presupuestal';

COMMENT ON COLUMN "public"."project_modifications"."entity_legal_representative_name" IS 'Nombre del representante legal de la entidad contratante';

COMMENT ON COLUMN "public"."project_modifications"."entity_legal_representative_id" IS 'Número de identificación del representante legal';

COMMENT ON COLUMN "public"."project_modifications"."entity_legal_representative_id_type" IS 'Tipo de identificación (CC, CE, NIT, etc.)';

COMMENT ON COLUMN "public"."project_modifications"."ordering_official_id" IS 'Funcionario ordenador del gasto (Jefe Extensión o Rector) - FK a ordering_officials';

CREATE INDEX idx_modifications_project ON public.project_modifications USING btree (project_id);

CREATE INDEX idx_modifications_date ON public.project_modifications USING btree (approval_date);

CREATE INDEX idx_modifications_type ON public.project_modifications USING btree (modification_type);

CREATE INDEX idx_modifications_supervisor ON public.project_modifications USING btree (supervisor_name) WHERE (supervisor_name IS NOT NULL);

CREATE INDEX idx_modifications_cdp ON public.project_modifications USING btree (cdp) WHERE (cdp IS NOT NULL);

CREATE INDEX idx_modifications_ordering_official ON public.project_modifications USING btree (ordering_official_id) WHERE (ordering_official_id IS NOT NULL);

INSERT INTO "project_modifications" ("modification_id", "project_id", "modification_number", "modification_type", "addition_value", "extension_days", "new_end_date", "new_total_value", "justification", "administrative_act", "approval_date", "created_by_user_id", "created_at", "is_active", "extension_period_text", "supervisor_name", "supervisor_id", "supervisor_entity_name", "cdp", "cdp_value", "rp", "rp_value", "requires_policy_update", "policy_update_description", "payment_method_modification", "updated_at", "updated_by_user_id", "entity_legal_representative_name", "entity_legal_representative_id", "entity_legal_representative_id_type", "ordering_official_id") VALUES
(5,	15,	1,	'BOTH',	20000000.00,	58,	'2026-05-03',	5020000000.00,	'bxdbñvkj.z',	'2515',	'2025-10-30',	NULL,	'2025-10-31 03:24:19.290652',	'1',	NULL,	NULL,	NULL,	NULL,	NULL,	NULL,	NULL,	NULL,	'0',	NULL,	NULL,	NULL,	NULL,	NULL,	NULL,	NULL,	NULL),
(6,	20,	1,	'BOTH',	5000000.00,	28,	'2026-02-27',	45000000.00,	'jb akf',	'123-25',	'2025-10-30',	NULL,	'2025-10-31 03:37:22.667946',	'1',	NULL,	NULL,	NULL,	NULL,	NULL,	NULL,	NULL,	NULL,	'0',	NULL,	NULL,	NULL,	NULL,	NULL,	NULL,	NULL,	NULL),
(7,	20,	2,	'BOTH',	10000000.00,	15,	'2026-02-14',	4015000000.00,	'por que si',	'123-5614',	'2025-10-31',	NULL,	'2025-10-31 20:10:57.844868',	'1',	NULL,	NULL,	NULL,	NULL,	NULL,	NULL,	NULL,	NULL,	'0',	NULL,	NULL,	NULL,	NULL,	NULL,	NULL,	NULL,	NULL),
(8,	21,	1,	'BOTH',	5000000.00,	15,	'2026-01-15',	255000000.00,	'na',	'123',	'2025-11-13',	NULL,	'2025-11-13 21:06:29.725283',	'1',	NULL,	NULL,	NULL,	NULL,	NULL,	NULL,	NULL,	NULL,	'0',	NULL,	NULL,	NULL,	NULL,	NULL,	NULL,	NULL,	NULL),
(9,	21,	2,	'EXTENSION',	NULL,	15,	'2026-01-15',	255000000.00,	'na',	'456',	'2025-11-07',	NULL,	'2025-11-13 21:10:41.374946',	'1',	NULL,	NULL,	NULL,	NULL,	NULL,	NULL,	NULL,	NULL,	'0',	NULL,	NULL,	NULL,	NULL,	NULL,	NULL,	NULL,	NULL),
(10,	24,	1,	'ADDITION',	2500000.00,	NULL,	NULL,	152500000.00,	'justificacion ',	'123',	'2025-11-28',	NULL,	'2025-11-27 20:07:55.156774',	'1',	NULL,	'Andres Pineda',	'1030699675',	'prueba',	'123',	2500000.00,	'123',	2500000.00,	'1',	'si requiere',	'esta es la modificacion de forma de pago',	NULL,	NULL,	'Fernando Guerra',	'1030699676',	'CC',	NULL),
(11,	24,	2,	'EXTENSION',	NULL,	150,	'2026-08-31',	155000000.00,	'JUSTIFICACION ',	'456',	'2025-11-28',	NULL,	'2025-11-27 20:45:06.607686',	'1',	'CIENTO CINCUENTA DIAS',	NULL,	NULL,	NULL,	NULL,	NULL,	NULL,	NULL,	'0',	NULL,	NULL,	NULL,	NULL,	NULL,	NULL,	'CC',	NULL),
(15,	24,	3,	'MODIFICATION',	NULL,	NULL,	NULL,	155000000.00,	'ninguna',	'798',	'2025-11-18',	NULL,	'2025-11-27 21:01:30.674907',	'1',	NULL,	NULL,	NULL,	NULL,	NULL,	NULL,	NULL,	NULL,	'0',	NULL,	NULL,	NULL,	NULL,	NULL,	NULL,	'CC',	NULL),
(22,	24,	4,	'SUSPENSION',	NULL,	NULL,	NULL,	155000000.00,	'justificacion de la suspension',	'789',	'2025-12-01',	NULL,	'2025-12-01 17:22:56.311666',	'1',	NULL,	NULL,	NULL,	NULL,	NULL,	NULL,	NULL,	NULL,	'0',	NULL,	NULL,	NULL,	NULL,	NULL,	NULL,	'CC',	NULL),
(23,	24,	5,	'RESTART',	NULL,	NULL,	NULL,	155000000.00,	'jestificacion de reinicio',	'123',	'2026-01-08',	NULL,	'2025-12-01 17:26:48.971964',	'1',	NULL,	NULL,	NULL,	NULL,	NULL,	NULL,	NULL,	NULL,	'0',	NULL,	NULL,	NULL,	NULL,	NULL,	NULL,	'CC',	NULL),
(25,	24,	6,	'LIQUIDATION',	NULL,	NULL,	NULL,	155000000.00,	'justificacion de la liquidacion',	'456',	'2025-12-10',	NULL,	'2025-12-01 17:33:55.540326',	'0',	NULL,	NULL,	NULL,	NULL,	NULL,	NULL,	NULL,	NULL,	'0',	NULL,	NULL,	NULL,	NULL,	NULL,	NULL,	'CC',	NULL),
(26,	24,	7,	'LIQUIDATION',	NULL,	NULL,	NULL,	155000000.00,	'justificacion de la liquidacion',	'789',	'2025-12-10',	NULL,	'2025-12-01 17:40:12.415703',	'0',	NULL,	NULL,	NULL,	NULL,	NULL,	NULL,	NULL,	NULL,	'0',	NULL,	NULL,	NULL,	NULL,	NULL,	NULL,	'CC',	NULL),
(28,	24,	8,	'ASSIGNMENT',	NULL,	NULL,	NULL,	155000000.00,	'justificaciones de sesion',	'456',	'2025-12-11',	NULL,	'2025-12-01 17:48:46.817714',	'0',	NULL,	NULL,	NULL,	NULL,	NULL,	NULL,	NULL,	NULL,	'0',	NULL,	NULL,	NULL,	NULL,	NULL,	NULL,	'CC',	NULL),
(32,	24,	9,	'LIQUIDATION',	NULL,	NULL,	NULL,	155000000.00,	'justificacion',	'789',	'2025-12-04',	NULL,	'2025-12-02 20:04:58.85755',	'1',	NULL,	NULL,	NULL,	NULL,	NULL,	NULL,	NULL,	NULL,	'0',	NULL,	NULL,	NULL,	NULL,	NULL,	NULL,	'CC',	NULL),
(35,	24,	10,	'ASSIGNMENT',	NULL,	NULL,	NULL,	155000000.00,	'justificacion',	'123-5614',	'2025-12-03',	NULL,	'2025-12-02 20:44:34.358173',	'1',	NULL,	'Andres Pineda',	'1030699675',	NULL,	NULL,	NULL,	NULL,	NULL,	'0',	NULL,	NULL,	NULL,	NULL,	NULL,	NULL,	'CC',	NULL),
(36,	25,	1,	'ADDITION',	5000000.00,	NULL,	NULL,	55000000.00,	'lyfk,vbkj',	'1234',	'2025-12-04',	NULL,	'2025-12-04 21:30:55.358494',	'1',	NULL,	'Andres Pineda',	'1030699675',	'prueba',	'123',	5000000.00,	'456',	5000000.00,	'1',	'si requiere',	'sdodasdf',	NULL,	NULL,	'Fernando Guerra',	'1030699676',	'CE',	NULL),
(37,	25,	2,	'LIQUIDATION',	NULL,	NULL,	NULL,	60000000.00,	'kug',	NULL,	'2025-12-05',	NULL,	'2025-12-04 21:36:18.747153',	'1',	NULL,	NULL,	NULL,	NULL,	NULL,	NULL,	NULL,	NULL,	'0',	NULL,	NULL,	NULL,	NULL,	NULL,	NULL,	'CC',	NULL),
(38,	26,	1,	'EXTENSION',	5000000.00,	3,	'2026-01-13',	505000000.00,	'gsdfg sdgfd',	'789',	'2025-12-09',	NULL,	'2025-12-09 21:25:24.158228',	'1',	'CIENTO CINCUENTA DIAS',	'Andres Pineda',	'1030699675',	'prueba',	'123',	2500000.00,	'1234',	2500000.00,	'1',	'si requiere',	'fasd ',	NULL,	NULL,	'Fernando Guerra',	'1030699676',	'CC',	NULL),
(39,	26,	2,	'ADDITION',	5000000.00,	NULL,	NULL,	510000000.00,	'justificacion',	'789',	'2025-12-31',	NULL,	'2025-12-29 21:24:41.125938',	'1',	NULL,	'Andres Pineda',	'1030699675',	'prueba',	'123',	5000000.00,	'456',	5000000.00,	'1',	'act poliza',	'forma de pago',	NULL,	NULL,	'Fernando Guerra',	'1030699676',	'CC',	NULL),
(40,	26,	3,	'ADDITION',	5000000.00,	NULL,	NULL,	520000000.00,	'legjsdv',	'456',	'2025-12-24',	NULL,	'2025-12-30 20:49:30.600507',	'1',	NULL,	'Andres Pineda',	'1030699675',	'prueba',	'123',	5000000.00,	'456',	5000000.00,	'1',	'dgfilsbdf',	'lsuigend',	NULL,	NULL,	'Fernando Guerra',	'1030699676',	'CE',	NULL);

DROP TABLE IF EXISTS "project_rup_codes";
DROP SEQUENCE IF EXISTS project_rup_codes_id_seq;
CREATE SEQUENCE project_rup_codes_id_seq INCREMENT 1 MINVALUE 1 MAXVALUE 2147483647 CACHE 1;

CREATE TABLE "public"."project_rup_codes" (
    "project_rup_code_id" integer DEFAULT nextval('project_rup_codes_id_seq') NOT NULL,
    "project_year" smallint NOT NULL,
    "internal_project_number" smallint NOT NULL,
    "rup_code_id" integer NOT NULL,
    "is_main_code" boolean DEFAULT false,
    "assignment_date" date,
    "assigned_by_user_id" integer,
    "is_active" boolean DEFAULT true NOT NULL,
    CONSTRAINT "pk_project_rup_codes" PRIMARY KEY ("project_rup_code_id")
) WITH (oids = false);

COMMENT ON TABLE "public"."project_rup_codes" IS 'RUP codes assigned to projects';

COMMENT ON COLUMN "public"."project_rup_codes"."is_main_code" IS 'Indicates if this is the primary RUP code for the project';

CREATE INDEX idx_project_rup_codes_year ON public.project_rup_codes USING btree (project_year);

CREATE INDEX idx_project_rup_codes_rup ON public.project_rup_codes USING btree (rup_code_id);

INSERT INTO "project_rup_codes" ("project_rup_code_id", "project_year", "internal_project_number", "rup_code_id", "is_main_code", "assignment_date", "assigned_by_user_id", "is_active") VALUES
(33,	2025,	2,	58985,	'1',	'2025-11-18',	1,	'1'),
(34,	2025,	4,	49102,	'1',	'2025-11-18',	1,	'1'),
(35,	2025,	5,	64969,	'1',	'2025-11-20',	1,	'1'),
(36,	2025,	6,	62218,	'1',	'2025-11-20',	1,	'0'),
(37,	2025,	6,	62218,	'1',	'2025-11-20',	1,	'1'),
(38,	2025,	7,	93255,	'1',	'2025-12-04',	1,	'0'),
(39,	2025,	7,	93256,	'0',	'2025-12-04',	1,	'0'),
(40,	2025,	7,	93255,	'1',	'2025-12-04',	1,	'0'),
(41,	2025,	7,	93256,	'0',	'2025-12-04',	1,	'0'),
(42,	2025,	7,	93255,	'1',	'2025-12-09',	1,	'1'),
(43,	2025,	7,	93256,	'0',	'2025-12-09',	1,	'1'),
(44,	2025,	8,	71281,	'1',	'2025-12-09',	1,	'1'),
(45,	2025,	8,	71222,	'0',	'2025-12-09',	1,	'1');

DROP TABLE IF EXISTS "project_secondary_emails";
DROP SEQUENCE IF EXISTS project_secondary_emails_id_seq;
CREATE SEQUENCE project_secondary_emails_id_seq INCREMENT 1 MINVALUE 1 MAXVALUE 2147483647 CACHE 1;

CREATE TABLE "public"."project_secondary_emails" (
    "secondary_email_id" integer DEFAULT nextval('project_secondary_emails_id_seq') NOT NULL,
    "project_id" integer NOT NULL,
    "email" character varying(200) NOT NULL,
    "contact_type" character varying(50),
    "contact_name" character varying(100),
    "contact_position" character varying(100),
    "contact_phone" character varying(20),
    "observations" text,
    "is_active" boolean DEFAULT true NOT NULL,
    "created_at" timestamp DEFAULT CURRENT_TIMESTAMP NOT NULL,
    "created_by_user_id" integer,
    "updated_at" timestamp,
    "updated_by_user_id" integer,
    CONSTRAINT "pk_project_secondary_emails" PRIMARY KEY ("secondary_email_id")
) WITH (oids = false);

COMMENT ON TABLE "public"."project_secondary_emails" IS 'Additional contact emails for projects';

CREATE INDEX idx_secondary_emails_project ON public.project_secondary_emails USING btree (project_id);


DROP TABLE IF EXISTS "project_statuses";
DROP SEQUENCE IF EXISTS project_statuses_id_seq;
CREATE SEQUENCE project_statuses_id_seq INCREMENT 1 MINVALUE 1 MAXVALUE 2147483647 CACHE 1;

CREATE TABLE "public"."project_statuses" (
    "status_id" integer DEFAULT nextval('project_statuses_id_seq') NOT NULL,
    "status_code" character varying(10) NOT NULL,
    "status_name" character varying(100) NOT NULL,
    "status_color" character varying(7),
    "status_order" smallint DEFAULT '1',
    "status_description" text,
    "is_active" boolean DEFAULT true NOT NULL,
    "created_at" timestamp DEFAULT CURRENT_TIMESTAMP NOT NULL,
    "created_by_user_id" integer,
    CONSTRAINT "pk_project_statuses" PRIMARY KEY ("status_id"),
    CONSTRAINT "ck_project_statuses_color" CHECK (((status_color)::text ~ '^#[0-9A-Fa-f]{6}$'::text))
) WITH (oids = false);

COMMENT ON TABLE "public"."project_statuses" IS 'Catalog of project statuses';

COMMENT ON COLUMN "public"."project_statuses"."status_color" IS 'Hexadecimal color code for UI display';

CREATE UNIQUE INDEX uk_project_statuses_code ON public.project_statuses USING btree (status_code);

CREATE UNIQUE INDEX uk_project_statuses_name ON public.project_statuses USING btree (status_name);

INSERT INTO "project_statuses" ("status_id", "status_code", "status_name", "status_color", "status_order", "status_description", "is_active", "created_at", "created_by_user_id") VALUES
(1,	'0',	'EN ESTUDIO',	'#9E9E9E',	1,	'Proyecto en fase de estudio',	'1',	'2025-10-31 02:35:02.821339',	1),
(2,	'2',	'FORMULADO',	'#FFC107',	2,	'Proyecto formulado',	'1',	'2025-10-31 02:35:02.821339',	1),
(3,	'4',	'PRE-APROBADO',	'#FF9800',	3,	'Proyecto pre-aprobado',	'1',	'2025-10-31 02:35:02.821339',	1),
(4,	'6',	'APROBADO COMITE CENTRAL',	'#4CAF50',	4,	'Proyecto aprobado por comité central',	'1',	'2025-10-31 02:35:02.821339',	1),
(5,	'8',	'SUSCRITO',	'#2196F3',	5,	'Proyecto suscrito',	'1',	'2025-10-31 02:35:02.821339',	1),
(6,	'10',	'PERFECCIONADO/LEGALIZADO',	'#03A9F4',	6,	'Proyecto perfeccionado o legalizado',	'1',	'2025-10-31 02:35:02.821339',	1),
(7,	'12',	'SIN INICIAR',	'#00BCD4',	7,	'Proyecto sin iniciar',	'1',	'2025-10-31 02:35:02.821339',	1),
(8,	'14',	'EN EJECUCIÓN',	'#009688',	8,	'Proyecto en ejecución',	'1',	'2025-10-31 02:35:02.821339',	1),
(9,	'16',	'SUSPENDIDO',	'#FF5722',	9,	'Proyecto suspendido',	'1',	'2025-10-31 02:35:02.821339',	1),
(10,	'20',	'TERMINADO',	'#8BC34A',	10,	'Proyecto terminado',	'1',	'2025-10-31 02:35:02.821339',	1),
(11,	'24',	'EN LIQUIDACIÓN',	'#CDDC39',	11,	'Proyecto en liquidación',	'1',	'2025-10-31 02:35:02.821339',	1),
(12,	'28',	'LIQUIDADO',	'#4CAF50',	12,	'Proyecto liquidado',	'1',	'2025-10-31 02:35:02.821339',	1),
(13,	'32',	'ANULADO',	'#F44336',	13,	'Proyecto anulado',	'1',	'2025-10-31 02:35:02.821339',	1),
(14,	'34',	'CIERRE FINANCIERO',	'#9C27B0',	14,	'Proyecto con cierre financiero',	'1',	'2025-10-31 02:35:02.821339',	1),
(15,	'36',	'INCORPORADO',	'#673AB7',	15,	'Proyecto incorporado',	'1',	'2025-10-31 02:35:02.821339',	1),
(16,	'37',	'CEDIDO',	'#3F51B5',	16,	'Proyecto cedido',	'1',	'2025-10-31 02:35:02.821339',	1),
(18,	'42',	'LITIGIO',	'#E91E63',	18,	'Proyecto en litigio',	'1',	'2025-10-31 02:35:02.821339',	1),
(19,	'44',	'ACEPTADO SECOP II',	'#009688',	19,	'Proyecto aceptado en SECOP II',	'1',	'2025-10-31 02:35:02.821339',	1),
(20,	'46',	'TERMINADO/NO LIQUIDACION',	'#8BC34A',	20,	'Proyecto terminado sin liquidación',	'1',	'2025-10-31 02:35:02.821339',	1),
(21,	'99',	'NO DEFINIDA',	'#607D8B',	21,	'Situación no definida',	'1',	'2025-10-31 02:35:02.821339',	1),
(17,	'40',	'ACEPTADO-INEJECUTADO',	'#00BCD4',	17,	'Proyecto aceptado pero no ejecutado',	'1',	'2025-10-31 02:35:02.821339',	1);

DROP TABLE IF EXISTS "project_types";
DROP SEQUENCE IF EXISTS project_types_id_seq;
CREATE SEQUENCE project_types_id_seq INCREMENT 1 MINVALUE 1 MAXVALUE 2147483647 CACHE 1;

CREATE TABLE "public"."project_types" (
    "project_type_id" integer DEFAULT nextval('project_types_id_seq') NOT NULL,
    "type_name" character varying(100) NOT NULL,
    "is_active" boolean DEFAULT true NOT NULL,
    CONSTRAINT "pk_project_types" PRIMARY KEY ("project_type_id")
) WITH (oids = false);

COMMENT ON TABLE "public"."project_types" IS 'Catalog of project types';

CREATE UNIQUE INDEX uk_project_types_name ON public.project_types USING btree (type_name);

INSERT INTO "project_types" ("project_type_id", "type_name", "is_active") VALUES
(1,	'PROYECTO DE EXTENSIÓN',	'1'),
(2,	'PROGRAMA DE EXTENSIÓN',	'1'),
(3,	'ACTIVIDAD DE EXTENSIÓN',	'1'),
(4,	'proyectico',	'0');

DROP TABLE IF EXISTS "projects";
DROP SEQUENCE IF EXISTS projects_id_seq;
CREATE SEQUENCE projects_id_seq INCREMENT 1 MINVALUE 1 MAXVALUE 2147483647 CACHE 1;

CREATE TABLE "public"."projects" (
    "project_id" integer DEFAULT nextval('projects_id_seq') NOT NULL,
    "project_year" smallint NOT NULL,
    "internal_project_number" smallint NOT NULL,
    "external_project_number" character varying(20),
    "project_name" character varying(800) NOT NULL,
    "project_purpose" text NOT NULL,
    "entity_id" integer NOT NULL,
    "executing_department_id" integer NOT NULL,
    "project_status_id" integer NOT NULL,
    "project_type_id" integer NOT NULL,
    "financing_type_id" integer NOT NULL,
    "execution_modality_id" integer NOT NULL,
    "project_value" numeric(15,2) NOT NULL,
    "accounting_code" character varying(50),
    "institutional_benefit_percentage" numeric(5,2) DEFAULT '12.00',
    "institutional_benefit_value" numeric(15,2),
    "university_contribution" numeric(15,2) DEFAULT '0',
    "entity_contribution" numeric(15,2),
    "beneficiaries_count" integer,
    "subscription_date" date,
    "start_date" date NOT NULL,
    "end_date" date NOT NULL,
    "ordering_official_id" integer NOT NULL,
    "main_email" character varying(200),
    "administrative_act" character varying(50),
    "secop_link" character varying(1000),
    "observations" text,
    "is_active" boolean DEFAULT true NOT NULL,
    "created_at" timestamp DEFAULT CURRENT_TIMESTAMP NOT NULL,
    "created_by_user_id" integer,
    "updated_at" timestamp,
    "updated_by_user_id" integer,
    "rup_codes_general_observations" text,
    "session_type" character varying(50),
    "minutes_date" date,
    "minutes_number" character varying(50),
    CONSTRAINT "pk_projects" PRIMARY KEY ("project_id"),
    CONSTRAINT "ck_projects_value_positive" CHECK ((project_value > (0)::numeric)),
    CONSTRAINT "ck_projects_dates_valid" CHECK ((end_date >= start_date)),
    CONSTRAINT "ck_projects_year_valid" CHECK (((project_year >= 2020) AND (project_year <= 2100))),
    CONSTRAINT "ck_projects_benefit_percentage" CHECK (((institutional_benefit_percentage >= (0)::numeric) AND (institutional_benefit_percentage <= (100)::numeric))),
    CONSTRAINT "ck_projects_contributions" CHECK (((university_contribution >= (0)::numeric) AND (entity_contribution >= (0)::numeric) AND ((university_contribution + entity_contribution) <= project_value)))
) WITH (oids = false);

COMMENT ON TABLE "public"."projects" IS 'Main projects table containing all project information';

COMMENT ON COLUMN "public"."projects"."project_value" IS 'Total value of the project in COP';

COMMENT ON COLUMN "public"."projects"."institutional_benefit_percentage" IS 'Percentage of institutional benefit (default 12%)';

COMMENT ON COLUMN "public"."projects"."secop_link" IS 'Link to SECOP (Colombian procurement system)';

COMMENT ON COLUMN "public"."projects"."rup_codes_general_observations" IS 'General observations for all RUP codes assigned to this project';

COMMENT ON COLUMN "public"."projects"."session_type" IS 'Tipo de sesión de aprobación (Ordinaria/Extraordinaria)';

COMMENT ON COLUMN "public"."projects"."minutes_date" IS 'Fecha del acta de aprobación';

COMMENT ON COLUMN "public"."projects"."minutes_number" IS 'Número del acta de aprobación';

CREATE UNIQUE INDEX uk_projects_year_number ON public.projects USING btree (project_year, internal_project_number);

CREATE INDEX idx_projects_status ON public.projects USING btree (project_status_id);

CREATE INDEX idx_projects_year ON public.projects USING btree (project_year);

CREATE INDEX idx_projects_entity ON public.projects USING btree (entity_id);

CREATE INDEX idx_projects_department ON public.projects USING btree (executing_department_id);

CREATE INDEX idx_projects_start_date ON public.projects USING btree (start_date);

CREATE INDEX idx_projects_end_date ON public.projects USING btree (end_date);

CREATE INDEX idx_projects_type ON public.projects USING btree (project_type_id);

CREATE INDEX idx_projects_active ON public.projects USING btree (is_active);

CREATE INDEX idx_projects_session_type ON public.projects USING btree (session_type);

CREATE INDEX idx_projects_minutes_date ON public.projects USING btree (minutes_date);

INSERT INTO "projects" ("project_id", "project_year", "internal_project_number", "external_project_number", "project_name", "project_purpose", "entity_id", "executing_department_id", "project_status_id", "project_type_id", "financing_type_id", "execution_modality_id", "project_value", "accounting_code", "institutional_benefit_percentage", "institutional_benefit_value", "university_contribution", "entity_contribution", "beneficiaries_count", "subscription_date", "start_date", "end_date", "ordering_official_id", "main_email", "administrative_act", "secop_link", "observations", "is_active", "created_at", "created_by_user_id", "updated_at", "updated_by_user_id", "rup_codes_general_observations", "session_type", "minutes_date", "minutes_number") VALUES
(15,	2025,	1,	'CONV-01',	'TEST DE SOFTWARE',	'TEST OBJETO',	8,	9,	8,	1,	1,	3,	5000000000.00,	'5754',	12.00,	600000000.00,	20000000.00,	4980000000.00,	12,	'2025-10-30',	'2025-10-31',	'2026-03-06',	49,	'prueba@gmai.com',	'1234',	'http://10.20.100.8:85/?pgsql=db_siexud_new&username=admin&db=nuevo_siexud&ns=public&table=projects',	'djfbgdf',	'0',	'2025-10-31 02:39:16.481028',	NULL,	'2025-10-31 03:30:13.705303',	NULL,	NULL,	NULL,	NULL,	NULL),
(21,	2025,	3,	'N1',	'TEST DE PROYECTO',	'JEFBSD F',	8,	8,	8,	2,	5,	3,	250000000.00,	'1234-567-891',	10.71,	26775000.00,	50000000.00,	200000000.00,	98,	'2025-11-12',	'2025-11-13',	'2025-12-31',	18,	'proyecto@gmail.com',	'1234',	'http://10.20.100.8:85/?pgsql=db_siexud_new&username=admin&db=nuevo_siexud&ns=public&table=projects',	NULL,	'1',	'2025-11-13 20:49:30.644932',	NULL,	NULL,	NULL,	NULL,	NULL,	NULL,	NULL),
(25,	2025,	7,	'CONV-01',	'TEST DE SOFTWARE 2',	'fbasjdfkds f isdufbsad fsaudblf sdafisdf sdfi df',	14,	16,	8,	1,	1,	5,	55000000.00,	'1234-567-891',	11.78,	6479000.00,	10000000.00,	45000000.00,	199,	'2025-10-04',	'2025-10-05',	'2025-12-31',	42,	'prueba@gmai.com',	'1234',	'http://10.20.100.8:85/?pgsql=db_siexud_new&username=admin&db=nuevo_siexud&ns=public&table=projects',	'ñfsd',	'1',	'2025-12-04 21:10:37.456457',	NULL,	'2025-12-09 17:56:45.068165',	NULL,	NULL,	'Ordinaria',	'2025-12-03',	'001-2256'),
(20,	2025,	2,	'CONV-011',	'TEST DE SOFTWARE',	'bñ.sdbv.s',	18,	17,	8,	1,	2,	9,	4000000000.00,	'1234',	12.00,	480000000.00,	100000000.00,	3420000000.00,	120,	'2025-10-29',	'2025-10-30',	'2026-01-30',	16,	'prueba@gmai.com',	'1234',	'http://10.20.100.8:85/?pgsql=db_siexud_new&username=admin&db=nuevo_siexud&ns=public&table=projects',	'jb huhjb ',	'1',	'2025-10-31 03:37:00.280762',	NULL,	'2025-11-18 22:20:23.15593',	NULL,	NULL,	NULL,	NULL,	NULL),
(22,	2025,	4,	'EJEMPLO 1',	'FDSAFG',	'ASDFSADG',	4,	4,	19,	3,	2,	6,	50000000.00,	'123456',	12.00,	6000000.00,	0.00,	44000000.00,	5,	'2025-11-15',	'2025-11-17',	'2026-03-06',	5,	'prueba@gmai.com',	'1234',	'http://10.20.100.8:85/?pgsql=db_siexud_new&username=admin&db=nuevo_siexud&ns=public&table=projects',	'NO',	'1',	'2025-11-18 20:43:35.008282',	NULL,	'2025-11-18 22:20:59.446657',	NULL,	'NINGUNA',	NULL,	NULL,	NULL),
(23,	2025,	5,	'CONV-02',	'TEST DE PROYECTO',	'OBJETO DEL PROYECTO',	4,	4,	17,	2,	2,	3,	50000000.00,	'1512',	12.00,	6000000.00,	0.00,	50000000.00,	120,	'2025-11-19',	'2025-11-20',	'2026-01-31',	18,	'prueba@gmail.com',	'1234',	NULL,	'no',	'1',	'2025-11-20 17:43:40.747503',	NULL,	NULL,	NULL,	'ESTAS SON OBSERVACIONES',	NULL,	NULL,	NULL),
(24,	2025,	6,	'PPTTXX',	'NOMBRE PPTTXX',	'OBJETO PPTTTXX',	4,	4,	17,	3,	5,	6,	152500000.00,	'123456',	12.00,	18000000.00,	0.00,	150000000.00,	99,	'2025-11-19',	'2025-11-20',	'2026-04-03',	5,	'prueba@gmail.com',	'000122',	'http://10.20.100.8:85/?pgsql=db_siexud_new&username=admin&db=nuevo_siexud&ns=public&table=projects',	'NO',	'1',	'2025-11-20 19:16:18.805903',	NULL,	'2025-11-27 20:07:55.156774',	NULL,	'NO',	'Extraordinaria',	'2025-11-21',	'9101112'),
(26,	2025,	8,	'CONV-01',	'TEST DE SOFTWARE',	'objeto',	53,	6,	8,	1,	3,	3,	520000000.00,	'1234-567-891',	12.00,	60000000.00,	10000000.00,	490000000.00,	150,	'2025-12-08',	'2025-12-09',	'2026-01-10',	34,	'prueba@gmail.com',	'1234',	'http://10.20.100.8:85/?pgsql=db_siexud_new&username=admin&db=nuevo_siexud&ns=public&table=projects',	NULL,	'1',	'2025-12-09 21:22:42.682302',	NULL,	'2025-12-30 20:49:30.600507',	NULL,	NULL,	'Ordinaria',	'2025-12-10',	'001-2256');

DROP TABLE IF EXISTS "rup_codes";
DROP SEQUENCE IF EXISTS rup_codes_id_seq;
CREATE SEQUENCE rup_codes_id_seq INCREMENT 1 MINVALUE 1 MAXVALUE 2147483647 CACHE 1;

CREATE TABLE "public"."rup_codes" (
    "rup_code_id" integer DEFAULT nextval('rup_codes_id_seq') NOT NULL,
    "rup_code" character varying(20) NOT NULL,
    "code_description" text NOT NULL,
    "segment_code" character varying(10),
    "segment_name" character varying(200),
    "family_code" character varying(10),
    "family_name" character varying(200),
    "class_code" character varying(10),
    "class_name" character varying(200),
    "product_code" character varying(10),
    "product_name" character varying(200),
    "is_active" boolean DEFAULT true NOT NULL,
    "created_at" timestamp DEFAULT CURRENT_TIMESTAMP NOT NULL,
    "created_by_user_id" integer,
    CONSTRAINT "pk_rup_codes" PRIMARY KEY ("rup_code_id")
) WITH (oids = false);

COMMENT ON TABLE "public"."rup_codes" IS 'Clasificador de Bienes y Servicios UNSPSC v14 - Jerarquía completa';

COMMENT ON COLUMN "public"."rup_codes"."rup_code" IS 'Código UNSPSC de 8 dígitos (nivel PRODUCTO)';

COMMENT ON COLUMN "public"."rup_codes"."segment_code" IS 'Código de segmento (2 dígitos)';

COMMENT ON COLUMN "public"."rup_codes"."family_code" IS 'Código de familia (4 dígitos)';

COMMENT ON COLUMN "public"."rup_codes"."class_code" IS 'Código de clase (6 dígitos)';

COMMENT ON COLUMN "public"."rup_codes"."product_code" IS 'Código de producto (8 dígitos)';

CREATE UNIQUE INDEX uk_rup_codes_code ON public.rup_codes USING btree (rup_code);

CREATE INDEX idx_rup_codes_segment ON public.rup_codes USING btree (segment_code);

CREATE INDEX idx_rup_codes_family ON public.rup_codes USING btree (family_code);

CREATE INDEX idx_rup_codes_class ON public.rup_codes USING btree (class_code);

CREATE INDEX idx_rup_codes_product ON public.rup_codes USING btree (product_code);

CREATE INDEX idx_rup_codes_active ON public.rup_codes USING btree (is_active);

INSERT INTO "rup_codes" ("rup_code_id", "rup_code", "code_description", "segment_code", "segment_name", "family_code", "family_name", "class_code", "class_name", "product_code", "product_name", "is_active", "created_at", "created_by_user_id") VALUES
(49023,	'10101501',	'Gatos',	'10',	'Material Vivo Vegetal y Animal, Accesorios y Suministros',	'1010',	'Animales vivos',	'101015',	'Animales de granja',	'10101501',	'Gatos',	'1',	'2025-11-18 21:37:59.443467',	NULL),
(49024,	'10101502',	'Perros',	'10',	'Material Vivo Vegetal y Animal, Accesorios y Suministros',	'1010',	'Animales vivos',	'101015',	'Animales de granja',	'10101502',	'Perros',	'1',	'2025-11-18 21:37:59.443467',	NULL),
(49025,	'10101504',	'Visón',	'10',	'Material Vivo Vegetal y Animal, Accesorios y Suministros',	'1010',	'Animales vivos',	'101015',	'Animales de granja',	'10101504',	'Visón',	'1',	'2025-11-18 21:37:59.443467',	NULL),
(49026,	'10101505',	'Ratas',	'10',	'Material Vivo Vegetal y Animal, Accesorios y Suministros',	'1010',	'Animales vivos',	'101015',	'Animales de granja',	'10101505',	'Ratas',	'1',	'2025-11-18 21:37:59.443467',	NULL),
(49027,	'10101506',	'Caballos',	'10',	'Material Vivo Vegetal y Animal, Accesorios y Suministros',	'1010',	'Animales vivos',	'101015',	'Animales de granja',	'10101506',	'Caballos',	'1',	'2025-11-18 21:37:59.443467',	NULL),
(49028,	'10101507',	'Ovejas',	'10',	'Material Vivo Vegetal y Animal, Accesorios y Suministros',	'1010',	'Animales vivos',	'101015',	'Animales de granja',	'10101507',	'Ovejas',	'1',	'2025-11-18 21:37:59.443467',	NULL),
(49029,	'10101508',	'Cabras',	'10',	'Material Vivo Vegetal y Animal, Accesorios y Suministros',	'1010',	'Animales vivos',	'101015',	'Animales de granja',	'10101508',	'Cabras',	'1',	'2025-11-18 21:37:59.443467',	NULL),
(49030,	'10101509',	'Asnos',	'10',	'Material Vivo Vegetal y Animal, Accesorios y Suministros',	'1010',	'Animales vivos',	'101015',	'Animales de granja',	'10101509',	'Asnos',	'1',	'2025-11-18 21:37:59.443467',	NULL),
(49031,	'10101510',	'Ratones',	'10',	'Material Vivo Vegetal y Animal, Accesorios y Suministros',	'1010',	'Animales vivos',	'101015',	'Animales de granja',	'10101510',	'Ratones',	'1',	'2025-11-18 21:37:59.443467',	NULL),
(49032,	'10101511',	'Cerdos',	'10',	'Material Vivo Vegetal y Animal, Accesorios y Suministros',	'1010',	'Animales vivos',	'101015',	'Animales de granja',	'10101511',	'Cerdos',	'1',	'2025-11-18 21:37:59.443467',	NULL),
(49033,	'10101512',	'Conejos',	'10',	'Material Vivo Vegetal y Animal, Accesorios y Suministros',	'1010',	'Animales vivos',	'101015',	'Animales de granja',	'10101512',	'Conejos',	'1',	'2025-11-18 21:37:59.443467',	NULL),
(49034,	'10101513',	'Cobayas o conejillos de indias',	'10',	'Material Vivo Vegetal y Animal, Accesorios y Suministros',	'1010',	'Animales vivos',	'101015',	'Animales de granja',	'10101513',	'Cobayas o conejillos de indias',	'1',	'2025-11-18 21:37:59.443467',	NULL),
(49035,	'10101514',	'Primates',	'10',	'Material Vivo Vegetal y Animal, Accesorios y Suministros',	'1010',	'Animales vivos',	'101015',	'Animales de granja',	'10101514',	'Primates',	'1',	'2025-11-18 21:37:59.443467',	NULL),
(49036,	'10101515',	'Armadillos',	'10',	'Material Vivo Vegetal y Animal, Accesorios y Suministros',	'1010',	'Animales vivos',	'101015',	'Animales de granja',	'10101515',	'Armadillos',	'1',	'2025-11-18 21:37:59.443467',	NULL),
(49037,	'10101516',	'Ganado vacuno',	'10',	'Material Vivo Vegetal y Animal, Accesorios y Suministros',	'1010',	'Animales vivos',	'101015',	'Animales de granja',	'10101516',	'Ganado vacuno',	'1',	'2025-11-18 21:37:59.443467',	NULL),
(49038,	'10101517',	'Camellos',	'10',	'Material Vivo Vegetal y Animal, Accesorios y Suministros',	'1010',	'Animales vivos',	'101015',	'Animales de granja',	'10101517',	'Camellos',	'1',	'2025-11-18 21:37:59.443467',	NULL),
(49039,	'10101601',	'Pollos vivos',	'10',	'Material Vivo Vegetal y Animal, Accesorios y Suministros',	'1010',	'Animales vivos',	'101016',	'Pájaros y aves de corral',	'10101601',	'Pollos vivos',	'1',	'2025-11-18 21:37:59.443467',	NULL),
(49040,	'10101602',	'Patos vivos',	'10',	'Material Vivo Vegetal y Animal, Accesorios y Suministros',	'1010',	'Animales vivos',	'101016',	'Pájaros y aves de corral',	'10101602',	'Patos vivos',	'1',	'2025-11-18 21:37:59.443467',	NULL),
(49041,	'10101603',	'Pavos vivos',	'10',	'Material Vivo Vegetal y Animal, Accesorios y Suministros',	'1010',	'Animales vivos',	'101016',	'Pájaros y aves de corral',	'10101603',	'Pavos vivos',	'1',	'2025-11-18 21:37:59.443467',	NULL),
(49042,	'10101604',	'Gansos vivos',	'10',	'Material Vivo Vegetal y Animal, Accesorios y Suministros',	'1010',	'Animales vivos',	'101016',	'Pájaros y aves de corral',	'10101604',	'Gansos vivos',	'1',	'2025-11-18 21:37:59.443467',	NULL),
(49043,	'10101605',	'Faisanes vivos',	'10',	'Material Vivo Vegetal y Animal, Accesorios y Suministros',	'1010',	'Animales vivos',	'101016',	'Pájaros y aves de corral',	'10101605',	'Faisanes vivos',	'1',	'2025-11-18 21:37:59.443467',	NULL),
(49044,	'10101701',	'Salmón vivos',	'10',	'Material Vivo Vegetal y Animal, Accesorios y Suministros',	'1010',	'Animales vivos',	'101017',	'Peces',	'10101701',	'Salmón vivos',	'1',	'2025-11-18 21:37:59.443467',	NULL),
(49045,	'10101702',	'Trucha viva',	'10',	'Material Vivo Vegetal y Animal, Accesorios y Suministros',	'1010',	'Animales vivos',	'101017',	'Peces',	'10101702',	'Trucha viva',	'1',	'2025-11-18 21:37:59.443467',	NULL),
(49046,	'10101703',	'Tilapia viva',	'10',	'Material Vivo Vegetal y Animal, Accesorios y Suministros',	'1010',	'Animales vivos',	'101017',	'Peces',	'10101703',	'Tilapia viva',	'1',	'2025-11-18 21:37:59.443467',	NULL),
(49047,	'10101704',	'Carpa viva',	'10',	'Material Vivo Vegetal y Animal, Accesorios y Suministros',	'1010',	'Animales vivos',	'101017',	'Peces',	'10101704',	'Carpa viva',	'1',	'2025-11-18 21:37:59.443467',	NULL),
(49048,	'10101705',	'Anguilas vivas',	'10',	'Material Vivo Vegetal y Animal, Accesorios y Suministros',	'1010',	'Animales vivos',	'101017',	'Peces',	'10101705',	'Anguilas vivas',	'1',	'2025-11-18 21:37:59.443467',	NULL),
(49049,	'10101801',	'Camarón vivo',	'10',	'Material Vivo Vegetal y Animal, Accesorios y Suministros',	'1010',	'Animales vivos',	'101018',	'Mariscos e invertebrados acuáticos',	'10101801',	'Camarón vivo',	'1',	'2025-11-18 21:37:59.443467',	NULL),
(49050,	'10101802',	'Almejas vivas',	'10',	'Material Vivo Vegetal y Animal, Accesorios y Suministros',	'1010',	'Animales vivos',	'101018',	'Mariscos e invertebrados acuáticos',	'10101802',	'Almejas vivas',	'1',	'2025-11-18 21:37:59.443467',	NULL),
(49051,	'10101803',	'Mejillones vivos',	'10',	'Material Vivo Vegetal y Animal, Accesorios y Suministros',	'1010',	'Animales vivos',	'101018',	'Mariscos e invertebrados acuáticos',	'10101803',	'Mejillones vivos',	'1',	'2025-11-18 21:37:59.443467',	NULL),
(49052,	'10101804',	'Ostras vivas',	'10',	'Material Vivo Vegetal y Animal, Accesorios y Suministros',	'1010',	'Animales vivos',	'101018',	'Mariscos e invertebrados acuáticos',	'10101804',	'Ostras vivas',	'1',	'2025-11-18 21:37:59.443467',	NULL),
(49053,	'10101805',	'Cangrejos vivos',	'10',	'Material Vivo Vegetal y Animal, Accesorios y Suministros',	'1010',	'Animales vivos',	'101018',	'Mariscos e invertebrados acuáticos',	'10101805',	'Cangrejos vivos',	'1',	'2025-11-18 21:37:59.443467',	NULL),
(49054,	'10101806',	'Abulones vivos',	'10',	'Material Vivo Vegetal y Animal, Accesorios y Suministros',	'1010',	'Animales vivos',	'101018',	'Mariscos e invertebrados acuáticos',	'10101806',	'Abulones vivos',	'1',	'2025-11-18 21:37:59.443467',	NULL),
(49055,	'10101807',	'Pulpo vivo',	'10',	'Material Vivo Vegetal y Animal, Accesorios y Suministros',	'1010',	'Animales vivos',	'101018',	'Mariscos e invertebrados acuáticos',	'10101807',	'Pulpo vivo',	'1',	'2025-11-18 21:37:59.443467',	NULL),
(49056,	'10101808',	'Calamar vivo',	'10',	'Material Vivo Vegetal y Animal, Accesorios y Suministros',	'1010',	'Animales vivos',	'101018',	'Mariscos e invertebrados acuáticos',	'10101808',	'Calamar vivo',	'1',	'2025-11-18 21:37:59.443467',	NULL),
(49057,	'10101809',	'Sanguijuelas',	'10',	'Material Vivo Vegetal y Animal, Accesorios y Suministros',	'1010',	'Animales vivos',	'101018',	'Mariscos e invertebrados acuáticos',	'10101809',	'Sanguijuelas',	'1',	'2025-11-18 21:37:59.443467',	NULL),
(49058,	'10101901',	'Mariposas',	'10',	'Material Vivo Vegetal y Animal, Accesorios y Suministros',	'1010',	'Animales vivos',	'101019',	'Insectos',	'10101901',	'Mariposas',	'1',	'2025-11-18 21:37:59.443467',	NULL),
(49059,	'10101902',	'Escarabajos',	'10',	'Material Vivo Vegetal y Animal, Accesorios y Suministros',	'1010',	'Animales vivos',	'101019',	'Insectos',	'10101902',	'Escarabajos',	'1',	'2025-11-18 21:37:59.443467',	NULL),
(49060,	'10101903',	'Abejas',	'10',	'Material Vivo Vegetal y Animal, Accesorios y Suministros',	'1010',	'Animales vivos',	'101019',	'Insectos',	'10101903',	'Abejas',	'1',	'2025-11-18 21:37:59.443467',	NULL),
(49061,	'10101904',	'Gusanos de seda',	'10',	'Material Vivo Vegetal y Animal, Accesorios y Suministros',	'1010',	'Animales vivos',	'101019',	'Insectos',	'10101904',	'Gusanos de seda',	'1',	'2025-11-18 21:37:59.443467',	NULL),
(49062,	'10102001',	'Elefantes',	'10',	'Material Vivo Vegetal y Animal, Accesorios y Suministros',	'1010',	'Animales vivos',	'101020',	'Animales salvajes',	'10102001',	'Elefantes',	'1',	'2025-11-18 21:37:59.443467',	NULL),
(49063,	'10102002',	'Zorros vivos',	'10',	'Material Vivo Vegetal y Animal, Accesorios y Suministros',	'1010',	'Animales vivos',	'101020',	'Animales salvajes',	'10102002',	'Zorros vivos',	'1',	'2025-11-18 21:37:59.443467',	NULL),
(49064,	'10111301',	'Juguetes para mascotas',	'10',	'Material Vivo Vegetal y Animal, Accesorios y Suministros',	'1011',	'Productos para animales domésticos',	'101113',	'Tratamientos para los animales domésticos y accesorios y equipo',	'10111301',	'Juguetes para mascotas',	'1',	'2025-11-18 21:37:59.443467',	NULL),
(49065,	'10111302',	'Productos para el aseo y cuidado de mascotas',	'10',	'Material Vivo Vegetal y Animal, Accesorios y Suministros',	'1011',	'Productos para animales domésticos',	'101113',	'Tratamientos para los animales domésticos y accesorios y equipo',	'10111302',	'Productos para el aseo y cuidado de mascotas',	'1',	'2025-11-18 21:37:59.443467',	NULL),
(49066,	'10111303',	'Equipo para el manejo de desperdicios de las mascotas',	'10',	'Material Vivo Vegetal y Animal, Accesorios y Suministros',	'1011',	'Productos para animales domésticos',	'101113',	'Tratamientos para los animales domésticos y accesorios y equipo',	'10111303',	'Equipo para el manejo de desperdicios de las mascotas',	'1',	'2025-11-18 21:37:59.443467',	NULL),
(49067,	'10111304',	'Tazones o equipo para alimentación de mascotas',	'10',	'Material Vivo Vegetal y Animal, Accesorios y Suministros',	'1011',	'Productos para animales domésticos',	'101113',	'Tratamientos para los animales domésticos y accesorios y equipo',	'10111304',	'Tazones o equipo para alimentación de mascotas',	'1',	'2025-11-18 21:37:59.443467',	NULL),
(49068,	'10111305',	'Tratamientos medicados para mascotas',	'10',	'Material Vivo Vegetal y Animal, Accesorios y Suministros',	'1011',	'Productos para animales domésticos',	'101113',	'Tratamientos para los animales domésticos y accesorios y equipo',	'10111305',	'Tratamientos medicados para mascotas',	'1',	'2025-11-18 21:37:59.443467',	NULL),
(49069,	'10111306',	'Kits para el entrenamiento de mascotas domésticas',	'10',	'Material Vivo Vegetal y Animal, Accesorios y Suministros',	'1011',	'Productos para animales domésticos',	'101113',	'Tratamientos para los animales domésticos y accesorios y equipo',	'10111306',	'Kits para el entrenamiento de mascotas domésticas',	'1',	'2025-11-18 21:37:59.443467',	NULL),
(49070,	'10111307',	'Cobijas para mascotas',	'10',	'Material Vivo Vegetal y Animal, Accesorios y Suministros',	'1011',	'Productos para animales domésticos',	'101113',	'Tratamientos para los animales domésticos y accesorios y equipo',	'10111307',	'Cobijas para mascotas',	'1',	'2025-11-18 21:37:59.443467',	NULL),
(49071,	'10121501',	'Salvado de trigo puro',	'10',	'Material Vivo Vegetal y Animal, Accesorios y Suministros',	'1012',	'Comida de animales',	'101215',	'Pienso para ganado',	'10121501',	'Salvado de trigo puro',	'1',	'2025-11-18 21:37:59.443467',	NULL),
(49072,	'10121502',	'Avena para forraje',	'10',	'Material Vivo Vegetal y Animal, Accesorios y Suministros',	'1012',	'Comida de animales',	'101215',	'Pienso para ganado',	'10121502',	'Avena para forraje',	'1',	'2025-11-18 21:37:59.443467',	NULL),
(49073,	'10121503',	'Maíz para forraje',	'10',	'Material Vivo Vegetal y Animal, Accesorios y Suministros',	'1012',	'Comida de animales',	'101215',	'Pienso para ganado',	'10121503',	'Maíz para forraje',	'1',	'2025-11-18 21:37:59.443467',	NULL),
(49074,	'10121504',	'Sorgo para forraje',	'10',	'Material Vivo Vegetal y Animal, Accesorios y Suministros',	'1012',	'Comida de animales',	'101215',	'Pienso para ganado',	'10121504',	'Sorgo para forraje',	'1',	'2025-11-18 21:37:59.443467',	NULL),
(49075,	'10121505',	'Heno',	'10',	'Material Vivo Vegetal y Animal, Accesorios y Suministros',	'1012',	'Comida de animales',	'101215',	'Pienso para ganado',	'10121505',	'Heno',	'1',	'2025-11-18 21:37:59.443467',	NULL),
(49076,	'10121506',	'Tortas oleaginosas',	'10',	'Material Vivo Vegetal y Animal, Accesorios y Suministros',	'1012',	'Comida de animales',	'101215',	'Pienso para ganado',	'10121506',	'Tortas oleaginosas',	'1',	'2025-11-18 21:37:59.443467',	NULL),
(49077,	'10121507',	'Forraje compuesto',	'10',	'Material Vivo Vegetal y Animal, Accesorios y Suministros',	'1012',	'Comida de animales',	'101215',	'Pienso para ganado',	'10121507',	'Forraje compuesto',	'1',	'2025-11-18 21:37:59.443467',	NULL),
(49078,	'10121601',	'Alimento vivo para aves',	'10',	'Material Vivo Vegetal y Animal, Accesorios y Suministros',	'1012',	'Comida de animales',	'101216',	'Alimento para pájaros y aves de corral',	'10121601',	'Alimento vivo para aves',	'1',	'2025-11-18 21:37:59.443467',	NULL),
(49079,	'10121602',	'Alpiste',	'10',	'Material Vivo Vegetal y Animal, Accesorios y Suministros',	'1012',	'Comida de animales',	'101216',	'Alimento para pájaros y aves de corral',	'10121602',	'Alpiste',	'1',	'2025-11-18 21:37:59.443467',	NULL),
(49080,	'10121603',	'Pasa bocas o comida recreacional para aves',	'10',	'Material Vivo Vegetal y Animal, Accesorios y Suministros',	'1012',	'Comida de animales',	'101216',	'Alimento para pájaros y aves de corral',	'10121603',	'Pasa bocas o comida recreacional para aves',	'1',	'2025-11-18 21:37:59.443467',	NULL),
(49081,	'10121604',	'Alimento avícola',	'10',	'Material Vivo Vegetal y Animal, Accesorios y Suministros',	'1012',	'Comida de animales',	'101216',	'Alimento para pájaros y aves de corral',	'10121604',	'Alimento avícola',	'1',	'2025-11-18 21:37:59.443467',	NULL),
(49082,	'10121701',	'Salmuera fresca o congelada',	'10',	'Material Vivo Vegetal y Animal, Accesorios y Suministros',	'1012',	'Comida de animales',	'101217',	'Alimento para peces',	'10121701',	'Salmuera fresca o congelada',	'1',	'2025-11-18 21:37:59.443467',	NULL),
(49083,	'10121702',	'Alimento granulado para peces',	'10',	'Material Vivo Vegetal y Animal, Accesorios y Suministros',	'1012',	'Comida de animales',	'101217',	'Alimento para peces',	'10121702',	'Alimento granulado para peces',	'1',	'2025-11-18 21:37:59.443467',	NULL),
(49084,	'10121703',	'Alimento en hojuelas para peces',	'10',	'Material Vivo Vegetal y Animal, Accesorios y Suministros',	'1012',	'Comida de animales',	'101217',	'Alimento para peces',	'10121703',	'Alimento en hojuelas para peces',	'1',	'2025-11-18 21:37:59.443467',	NULL),
(49085,	'10121801',	'Comida seca para perros',	'10',	'Material Vivo Vegetal y Animal, Accesorios y Suministros',	'1012',	'Comida de animales',	'101218',	'Alimento para perros y gatos',	'10121801',	'Comida seca para perros',	'1',	'2025-11-18 21:37:59.443467',	NULL),
(49086,	'10121802',	'Comida húmeda para perros',	'10',	'Material Vivo Vegetal y Animal, Accesorios y Suministros',	'1012',	'Comida de animales',	'101218',	'Alimento para perros y gatos',	'10121802',	'Comida húmeda para perros',	'1',	'2025-11-18 21:37:59.443467',	NULL),
(49087,	'10121803',	'Leche para perros o gatos',	'10',	'Material Vivo Vegetal y Animal, Accesorios y Suministros',	'1012',	'Comida de animales',	'101218',	'Alimento para perros y gatos',	'10121803',	'Leche para perros o gatos',	'1',	'2025-11-18 21:37:59.443467',	NULL),
(49088,	'10121804',	'Comida seca para gatos',	'10',	'Material Vivo Vegetal y Animal, Accesorios y Suministros',	'1012',	'Comida de animales',	'101218',	'Alimento para perros y gatos',	'10121804',	'Comida seca para gatos',	'1',	'2025-11-18 21:37:59.443467',	NULL),
(49089,	'10121805',	'Comida húmeda para gatos',	'10',	'Material Vivo Vegetal y Animal, Accesorios y Suministros',	'1012',	'Comida de animales',	'101218',	'Alimento para perros y gatos',	'10121805',	'Comida húmeda para gatos',	'1',	'2025-11-18 21:37:59.443467',	NULL),
(49090,	'10121806',	'Pasa bocas o comida recreacional para gatos o perros',	'10',	'Material Vivo Vegetal y Animal, Accesorios y Suministros',	'1012',	'Comida de animales',	'101218',	'Alimento para perros y gatos',	'10121806',	'Pasa bocas o comida recreacional para gatos o perros',	'1',	'2025-11-18 21:37:59.443467',	NULL),
(49091,	'10121901',	'Comida granulada para roedores',	'10',	'Material Vivo Vegetal y Animal, Accesorios y Suministros',	'1012',	'Comida de animales',	'101219',	'Alimento para roedores',	'10121901',	'Comida granulada para roedores',	'1',	'2025-11-18 21:37:59.443467',	NULL),
(49092,	'10122001',	'Comida granulada para reptiles',	'10',	'Material Vivo Vegetal y Animal, Accesorios y Suministros',	'1012',	'Comida de animales',	'101220',	'Alimento para reptiles',	'10122001',	'Comida granulada para reptiles',	'1',	'2025-11-18 21:37:59.443467',	NULL),
(49093,	'10122002',	'Comida húmeda para reptiles',	'10',	'Material Vivo Vegetal y Animal, Accesorios y Suministros',	'1012',	'Comida de animales',	'101220',	'Alimento para reptiles',	'10122002',	'Comida húmeda para reptiles',	'1',	'2025-11-18 21:37:59.443467',	NULL),
(49094,	'10122003',	'Comida viva para reptiles',	'10',	'Material Vivo Vegetal y Animal, Accesorios y Suministros',	'1012',	'Comida de animales',	'101220',	'Alimento para reptiles',	'10122003',	'Comida viva para reptiles',	'1',	'2025-11-18 21:37:59.443467',	NULL),
(49095,	'10122101',	'Comida para cerdos',	'10',	'Material Vivo Vegetal y Animal, Accesorios y Suministros',	'1012',	'Comida de animales',	'101221',	'Comida para animales variados',	'10122101',	'Comida para cerdos',	'1',	'2025-11-18 21:37:59.443467',	NULL),
(49096,	'10122102',	'Comida para visones',	'10',	'Material Vivo Vegetal y Animal, Accesorios y Suministros',	'1012',	'Comida de animales',	'101221',	'Comida para animales variados',	'10122102',	'Comida para visones',	'1',	'2025-11-18 21:37:59.443467',	NULL),
(49097,	'10122103',	'Comida para monos',	'10',	'Material Vivo Vegetal y Animal, Accesorios y Suministros',	'1012',	'Comida de animales',	'101221',	'Comida para animales variados',	'10122103',	'Comida para monos',	'1',	'2025-11-18 21:37:59.443467',	NULL),
(49098,	'10122104',	'Comida para conejos',	'10',	'Material Vivo Vegetal y Animal, Accesorios y Suministros',	'1012',	'Comida de animales',	'101221',	'Comida para animales variados',	'10122104',	'Comida para conejos',	'1',	'2025-11-18 21:37:59.443467',	NULL),
(49099,	'10131506',	'Establos para ganado',	'10',	'Material Vivo Vegetal y Animal, Accesorios y Suministros',	'1013',	'Recipientes y hábitat para animales',	'101315',	'Cobertizos para animales',	'10131506',	'Establos para ganado',	'1',	'2025-11-18 21:37:59.443467',	NULL),
(49100,	'10131507',	'Casas para mascotas domesticadas',	'10',	'Material Vivo Vegetal y Animal, Accesorios y Suministros',	'1013',	'Recipientes y hábitat para animales',	'101315',	'Cobertizos para animales',	'10131507',	'Casas para mascotas domesticadas',	'1',	'2025-11-18 21:37:59.443467',	NULL),
(49101,	'10131508',	'Camas para mascotas',	'10',	'Material Vivo Vegetal y Animal, Accesorios y Suministros',	'1013',	'Recipientes y hábitat para animales',	'101315',	'Cobertizos para animales',	'10131508',	'Camas para mascotas',	'1',	'2025-11-18 21:37:59.443467',	NULL),
(49102,	'10131601',	'Jaulas o sus accesorios',	'10',	'Material Vivo Vegetal y Animal, Accesorios y Suministros',	'1013',	'Recipientes y hábitat para animales',	'101316',	'Recipientes para animales',	'10131601',	'Jaulas o sus accesorios',	'1',	'2025-11-18 21:37:59.443467',	NULL),
(49103,	'10131602',	'Perreras',	'10',	'Material Vivo Vegetal y Animal, Accesorios y Suministros',	'1013',	'Recipientes y hábitat para animales',	'101316',	'Recipientes para animales',	'10131602',	'Perreras',	'1',	'2025-11-18 21:37:59.443467',	NULL),
(49104,	'10131603',	'Equipaje para el transporte de animales',	'10',	'Material Vivo Vegetal y Animal, Accesorios y Suministros',	'1013',	'Recipientes y hábitat para animales',	'101316',	'Recipientes para animales',	'10131603',	'Equipaje para el transporte de animales',	'1',	'2025-11-18 21:37:59.443467',	NULL),
(49105,	'10131604',	'Correas para perros',	'10',	'Material Vivo Vegetal y Animal, Accesorios y Suministros',	'1013',	'Recipientes y hábitat para animales',	'101316',	'Recipientes para animales',	'10131604',	'Correas para perros',	'1',	'2025-11-18 21:37:59.443467',	NULL),
(49106,	'10131701',	'Terrarios',	'10',	'Material Vivo Vegetal y Animal, Accesorios y Suministros',	'1013',	'Recipientes y hábitat para animales',	'101317',	'Hábitat para animales',	'10131701',	'Terrarios',	'1',	'2025-11-18 21:37:59.443467',	NULL),
(49107,	'10131702',	'Acuarios',	'10',	'Material Vivo Vegetal y Animal, Accesorios y Suministros',	'1013',	'Recipientes y hábitat para animales',	'101317',	'Hábitat para animales',	'10131702',	'Acuarios',	'1',	'2025-11-18 21:37:59.443467',	NULL),
(49108,	'10141501',	'Sillas de montar',	'10',	'Material Vivo Vegetal y Animal, Accesorios y Suministros',	'1014',	'Productos de talabartería y arreo',	'101415',	'Talabartería',	'10141501',	'Sillas de montar',	'1',	'2025-11-18 21:37:59.443467',	NULL),
(49109,	'10141502',	'Fustas y látigos',	'10',	'Material Vivo Vegetal y Animal, Accesorios y Suministros',	'1014',	'Productos de talabartería y arreo',	'101415',	'Talabartería',	'10141502',	'Fustas y látigos',	'1',	'2025-11-18 21:37:59.443467',	NULL),
(49110,	'10141503',	'Herraduras para caballo',	'10',	'Material Vivo Vegetal y Animal, Accesorios y Suministros',	'1014',	'Productos de talabartería y arreo',	'101415',	'Talabartería',	'10141503',	'Herraduras para caballo',	'1',	'2025-11-18 21:37:59.443467',	NULL),
(49111,	'10141504',	'Herraduras para mula',	'10',	'Material Vivo Vegetal y Animal, Accesorios y Suministros',	'1014',	'Productos de talabartería y arreo',	'101415',	'Talabartería',	'10141504',	'Herraduras para mula',	'1',	'2025-11-18 21:37:59.443467',	NULL),
(49112,	'10141505',	'Sillín o pelero',	'10',	'Material Vivo Vegetal y Animal, Accesorios y Suministros',	'1014',	'Productos de talabartería y arreo',	'101415',	'Talabartería',	'10141505',	'Sillín o pelero',	'1',	'2025-11-18 21:37:59.443467',	NULL),
(49113,	'10141601',	'Bridas',	'10',	'Material Vivo Vegetal y Animal, Accesorios y Suministros',	'1014',	'Productos de talabartería y arreo',	'101416',	'Arneses',	'10141601',	'Bridas',	'1',	'2025-11-18 21:37:59.443467',	NULL),
(49114,	'10141602',	'Yugos',	'10',	'Material Vivo Vegetal y Animal, Accesorios y Suministros',	'1014',	'Productos de talabartería y arreo',	'101416',	'Arneses',	'10141602',	'Yugos',	'1',	'2025-11-18 21:37:59.443467',	NULL),
(49115,	'10141603',	'Bocados para caballos',	'10',	'Material Vivo Vegetal y Animal, Accesorios y Suministros',	'1014',	'Productos de talabartería y arreo',	'101416',	'Arneses',	'10141603',	'Bocados para caballos',	'1',	'2025-11-18 21:37:59.443467',	NULL),
(49116,	'10141604',	'Riendas',	'10',	'Material Vivo Vegetal y Animal, Accesorios y Suministros',	'1014',	'Productos de talabartería y arreo',	'101416',	'Arneses',	'10141604',	'Riendas',	'1',	'2025-11-18 21:37:59.443467',	NULL),
(49117,	'10141605',	'Estribos',	'10',	'Material Vivo Vegetal y Animal, Accesorios y Suministros',	'1014',	'Productos de talabartería y arreo',	'101416',	'Arneses',	'10141605',	'Estribos',	'1',	'2025-11-18 21:37:59.443467',	NULL),
(49118,	'10141606',	'Correas o traíllas',	'10',	'Material Vivo Vegetal y Animal, Accesorios y Suministros',	'1014',	'Productos de talabartería y arreo',	'101416',	'Arneses',	'10141606',	'Correas o traíllas',	'1',	'2025-11-18 21:37:59.443467',	NULL),
(49119,	'10141607',	'Arneses de cuello para animales',	'10',	'Material Vivo Vegetal y Animal, Accesorios y Suministros',	'1014',	'Productos de talabartería y arreo',	'101416',	'Arneses',	'10141607',	'Arneses de cuello para animales',	'1',	'2025-11-18 21:37:59.443467',	NULL),
(49120,	'10141608',	'Arneses o sus accesorios',	'10',	'Material Vivo Vegetal y Animal, Accesorios y Suministros',	'1014',	'Productos de talabartería y arreo',	'101416',	'Arneses',	'10141608',	'Arneses o sus accesorios',	'1',	'2025-11-18 21:37:59.443467',	NULL),
(49121,	'10141609',	'Sujetadores',	'10',	'Material Vivo Vegetal y Animal, Accesorios y Suministros',	'1014',	'Productos de talabartería y arreo',	'101416',	'Arneses',	'10141609',	'Sujetadores',	'1',	'2025-11-18 21:37:59.443467',	NULL),
(49122,	'10141610',	'Bozales',	'10',	'Material Vivo Vegetal y Animal, Accesorios y Suministros',	'1014',	'Productos de talabartería y arreo',	'101416',	'Arneses',	'10141610',	'Bozales',	'1',	'2025-11-18 21:37:59.443467',	NULL),
(49123,	'10141611',	'Soportes para correas',	'10',	'Material Vivo Vegetal y Animal, Accesorios y Suministros',	'1014',	'Productos de talabartería y arreo',	'101416',	'Arneses',	'10141611',	'Soportes para correas',	'1',	'2025-11-18 21:37:59.443467',	NULL),
(49124,	'10151501',	'Semillas o plántulas de fríjol',	'10',	'Material Vivo Vegetal y Animal, Accesorios y Suministros',	'1015',	'Semillas, bulbos, plántulas y esquejes',	'101515',	'Semillas y plántulas vegetales',	'10151501',	'Semillas o plántulas de fríjol',	'1',	'2025-11-18 21:37:59.443467',	NULL),
(49125,	'10151502',	'Semillas o plántulas de zanahoria',	'10',	'Material Vivo Vegetal y Animal, Accesorios y Suministros',	'1015',	'Semillas, bulbos, plántulas y esquejes',	'101515',	'Semillas y plántulas vegetales',	'10151502',	'Semillas o plántulas de zanahoria',	'1',	'2025-11-18 21:37:59.443467',	NULL),
(49126,	'10151503',	'Semillas o plántulas de apio',	'10',	'Material Vivo Vegetal y Animal, Accesorios y Suministros',	'1015',	'Semillas, bulbos, plántulas y esquejes',	'101515',	'Semillas y plántulas vegetales',	'10151503',	'Semillas o plántulas de apio',	'1',	'2025-11-18 21:37:59.443467',	NULL),
(49127,	'10151504',	'Semillas o plántulas de chiles',	'10',	'Material Vivo Vegetal y Animal, Accesorios y Suministros',	'1015',	'Semillas, bulbos, plántulas y esquejes',	'101515',	'Semillas y plántulas vegetales',	'10151504',	'Semillas o plántulas de chiles',	'1',	'2025-11-18 21:37:59.443467',	NULL),
(49128,	'10151505',	'Semillas o plántulas de calabacín',	'10',	'Material Vivo Vegetal y Animal, Accesorios y Suministros',	'1015',	'Semillas, bulbos, plántulas y esquejes',	'101515',	'Semillas y plántulas vegetales',	'10151505',	'Semillas o plántulas de calabacín',	'1',	'2025-11-18 21:37:59.443467',	NULL),
(49129,	'10151506',	'Semillas o plántulas de alverja',	'10',	'Material Vivo Vegetal y Animal, Accesorios y Suministros',	'1015',	'Semillas, bulbos, plántulas y esquejes',	'101515',	'Semillas y plántulas vegetales',	'10151506',	'Semillas o plántulas de alverja',	'1',	'2025-11-18 21:37:59.443467',	NULL),
(49130,	'10151507',	'Semillas o plántulas de pepino cohombro',	'10',	'Material Vivo Vegetal y Animal, Accesorios y Suministros',	'1015',	'Semillas, bulbos, plántulas y esquejes',	'101515',	'Semillas y plántulas vegetales',	'10151507',	'Semillas o plántulas de pepino cohombro',	'1',	'2025-11-18 21:37:59.443467',	NULL),
(49131,	'10151508',	'Semillas o plántulas de berenjena',	'10',	'Material Vivo Vegetal y Animal, Accesorios y Suministros',	'1015',	'Semillas, bulbos, plántulas y esquejes',	'101515',	'Semillas y plántulas vegetales',	'10151508',	'Semillas o plántulas de berenjena',	'1',	'2025-11-18 21:37:59.443467',	NULL),
(49132,	'10151509',	'Semillas o plántulas de endivias',	'10',	'Material Vivo Vegetal y Animal, Accesorios y Suministros',	'1015',	'Semillas, bulbos, plántulas y esquejes',	'101515',	'Semillas y plántulas vegetales',	'10151509',	'Semillas o plántulas de endivias',	'1',	'2025-11-18 21:37:59.443467',	NULL),
(49133,	'10151510',	'Semillas o plántulas de ajo',	'10',	'Material Vivo Vegetal y Animal, Accesorios y Suministros',	'1015',	'Semillas, bulbos, plántulas y esquejes',	'101515',	'Semillas y plántulas vegetales',	'10151510',	'Semillas o plántulas de ajo',	'1',	'2025-11-18 21:37:59.443467',	NULL),
(49134,	'10151511',	'Semillas o plántulas de puerro',	'10',	'Material Vivo Vegetal y Animal, Accesorios y Suministros',	'1015',	'Semillas, bulbos, plántulas y esquejes',	'101515',	'Semillas y plántulas vegetales',	'10151511',	'Semillas o plántulas de puerro',	'1',	'2025-11-18 21:37:59.443467',	NULL),
(49135,	'10151512',	'Semillas o plántulas de lechuga',	'10',	'Material Vivo Vegetal y Animal, Accesorios y Suministros',	'1015',	'Semillas, bulbos, plántulas y esquejes',	'101515',	'Semillas y plántulas vegetales',	'10151512',	'Semillas o plántulas de lechuga',	'1',	'2025-11-18 21:37:59.443467',	NULL),
(49136,	'10151513',	'Semillas o plántulas de maíz',	'10',	'Material Vivo Vegetal y Animal, Accesorios y Suministros',	'1015',	'Semillas, bulbos, plántulas y esquejes',	'101515',	'Semillas y plántulas vegetales',	'10151513',	'Semillas o plántulas de maíz',	'1',	'2025-11-18 21:37:59.443467',	NULL),
(49137,	'10151514',	'Semillas o plántulas de melón',	'10',	'Material Vivo Vegetal y Animal, Accesorios y Suministros',	'1015',	'Semillas, bulbos, plántulas y esquejes',	'101515',	'Semillas y plántulas vegetales',	'10151514',	'Semillas o plántulas de melón',	'1',	'2025-11-18 21:37:59.443467',	NULL),
(49138,	'10151515',	'Semillas o plántulas cebolla',	'10',	'Material Vivo Vegetal y Animal, Accesorios y Suministros',	'1015',	'Semillas, bulbos, plántulas y esquejes',	'101515',	'Semillas y plántulas vegetales',	'10151515',	'Semillas o plántulas cebolla',	'1',	'2025-11-18 21:37:59.443467',	NULL),
(49139,	'10151516',	'Semillas o plántulas de soya',	'10',	'Material Vivo Vegetal y Animal, Accesorios y Suministros',	'1015',	'Semillas, bulbos, plántulas y esquejes',	'101515',	'Semillas y plántulas vegetales',	'10151516',	'Semillas o plántulas de soya',	'1',	'2025-11-18 21:37:59.443467',	NULL),
(49140,	'10151517',	'Semillas o plántulas de espinaca',	'10',	'Material Vivo Vegetal y Animal, Accesorios y Suministros',	'1015',	'Semillas, bulbos, plántulas y esquejes',	'101515',	'Semillas y plántulas vegetales',	'10151517',	'Semillas o plántulas de espinaca',	'1',	'2025-11-18 21:37:59.443467',	NULL),
(49141,	'10151518',	'Semillas o plántulas de tomate',	'10',	'Material Vivo Vegetal y Animal, Accesorios y Suministros',	'1015',	'Semillas, bulbos, plántulas y esquejes',	'101515',	'Semillas y plántulas vegetales',	'10151518',	'Semillas o plántulas de tomate',	'1',	'2025-11-18 21:37:59.443467',	NULL),
(49142,	'10151519',	'Semillas o plántulas de nabo',	'10',	'Material Vivo Vegetal y Animal, Accesorios y Suministros',	'1015',	'Semillas, bulbos, plántulas y esquejes',	'101515',	'Semillas y plántulas vegetales',	'10151519',	'Semillas o plántulas de nabo',	'1',	'2025-11-18 21:37:59.443467',	NULL),
(49143,	'10151520',	'Semillas o plántulas de acelga',	'10',	'Material Vivo Vegetal y Animal, Accesorios y Suministros',	'1015',	'Semillas, bulbos, plántulas y esquejes',	'101515',	'Semillas y plántulas vegetales',	'10151520',	'Semillas o plántulas de acelga',	'1',	'2025-11-18 21:37:59.443467',	NULL),
(49144,	'10151521',	'Semillas o plántulas de pimiento morrón',	'10',	'Material Vivo Vegetal y Animal, Accesorios y Suministros',	'1015',	'Semillas, bulbos, plántulas y esquejes',	'101515',	'Semillas y plántulas vegetales',	'10151521',	'Semillas o plántulas de pimiento morrón',	'1',	'2025-11-18 21:37:59.443467',	NULL),
(49145,	'10151522',	'Semillas o plántulas de remolacha',	'10',	'Material Vivo Vegetal y Animal, Accesorios y Suministros',	'1015',	'Semillas, bulbos, plántulas y esquejes',	'101515',	'Semillas y plántulas vegetales',	'10151522',	'Semillas o plántulas de remolacha',	'1',	'2025-11-18 21:37:59.443467',	NULL),
(49146,	'10151523',	'Semillas o plántulas de coliflor',	'10',	'Material Vivo Vegetal y Animal, Accesorios y Suministros',	'1015',	'Semillas, bulbos, plántulas y esquejes',	'101515',	'Semillas y plántulas vegetales',	'10151523',	'Semillas o plántulas de coliflor',	'1',	'2025-11-18 21:37:59.443467',	NULL),
(49147,	'10151524',	'Semillas o plántulas de perejil',	'10',	'Material Vivo Vegetal y Animal, Accesorios y Suministros',	'1015',	'Semillas, bulbos, plántulas y esquejes',	'101515',	'Semillas y plántulas vegetales',	'10151524',	'Semillas o plántulas de perejil',	'1',	'2025-11-18 21:37:59.443467',	NULL),
(49148,	'10151525',	'Semillas o plántulas de brócoli',	'10',	'Material Vivo Vegetal y Animal, Accesorios y Suministros',	'1015',	'Semillas, bulbos, plántulas y esquejes',	'101515',	'Semillas y plántulas vegetales',	'10151525',	'Semillas o plántulas de brócoli',	'1',	'2025-11-18 21:37:59.443467',	NULL),
(49149,	'10151526',	'Semillas o plántulas de repollo',	'10',	'Material Vivo Vegetal y Animal, Accesorios y Suministros',	'1015',	'Semillas, bulbos, plántulas y esquejes',	'101515',	'Semillas y plántulas vegetales',	'10151526',	'Semillas o plántulas de repollo',	'1',	'2025-11-18 21:37:59.443467',	NULL),
(49150,	'10151527',	'Semillas o plántulas de papa',	'10',	'Material Vivo Vegetal y Animal, Accesorios y Suministros',	'1015',	'Semillas, bulbos, plántulas y esquejes',	'101515',	'Semillas y plántulas vegetales',	'10151527',	'Semillas o plántulas de papa',	'1',	'2025-11-18 21:37:59.443467',	NULL),
(49151,	'10151528',	'Semillas o plántulas de batata',	'10',	'Material Vivo Vegetal y Animal, Accesorios y Suministros',	'1015',	'Semillas, bulbos, plántulas y esquejes',	'101515',	'Semillas y plántulas vegetales',	'10151528',	'Semillas o plántulas de batata',	'1',	'2025-11-18 21:37:59.443467',	NULL),
(49152,	'10151529',	'Semillas o plántulas de calabaza',	'10',	'Material Vivo Vegetal y Animal, Accesorios y Suministros',	'1015',	'Semillas, bulbos, plántulas y esquejes',	'101515',	'Semillas y plántulas vegetales',	'10151529',	'Semillas o plántulas de calabaza',	'1',	'2025-11-18 21:37:59.443467',	NULL),
(49153,	'10151530',	'Semillas o plántulas de rábano',	'10',	'Material Vivo Vegetal y Animal, Accesorios y Suministros',	'1015',	'Semillas, bulbos, plántulas y esquejes',	'101515',	'Semillas y plántulas vegetales',	'10151530',	'Semillas o plántulas de rábano',	'1',	'2025-11-18 21:37:59.443467',	NULL),
(49154,	'10151531',	'Semillas o plántulas de repollitos de bruselas',	'10',	'Material Vivo Vegetal y Animal, Accesorios y Suministros',	'1015',	'Semillas, bulbos, plántulas y esquejes',	'101515',	'Semillas y plántulas vegetales',	'10151531',	'Semillas o plántulas de repollitos de bruselas',	'1',	'2025-11-18 21:37:59.443467',	NULL),
(49155,	'10151532',	'Semillas o plántulas de ahuyama',	'10',	'Material Vivo Vegetal y Animal, Accesorios y Suministros',	'1015',	'Semillas, bulbos, plántulas y esquejes',	'101515',	'Semillas y plántulas vegetales',	'10151532',	'Semillas o plántulas de ahuyama',	'1',	'2025-11-18 21:37:59.443467',	NULL),
(49156,	'10151533',	'Semillas o plántulas de okra',	'10',	'Material Vivo Vegetal y Animal, Accesorios y Suministros',	'1015',	'Semillas, bulbos, plántulas y esquejes',	'101515',	'Semillas y plántulas vegetales',	'10151533',	'Semillas o plántulas de okra',	'1',	'2025-11-18 21:37:59.443467',	NULL),
(49250,	'10161604',	'Azaleas',	'10',	'Material Vivo Vegetal y Animal, Accesorios y Suministros',	'1016',	'Productos de floricultura y silvicultura',	'101616',	'Plantas florales',	'10161604',	'Azaleas',	'1',	'2025-11-18 21:37:59.443467',	NULL),
(49157,	'10151534',	'Semillas o plántulas de melón cantalupo',	'10',	'Material Vivo Vegetal y Animal, Accesorios y Suministros',	'1015',	'Semillas, bulbos, plántulas y esquejes',	'101515',	'Semillas y plántulas vegetales',	'10151534',	'Semillas o plántulas de melón cantalupo',	'1',	'2025-11-18 21:37:59.443467',	NULL),
(49158,	'10151535',	'Semillas o plántulas de maní',	'10',	'Material Vivo Vegetal y Animal, Accesorios y Suministros',	'1015',	'Semillas, bulbos, plántulas y esquejes',	'101515',	'Semillas y plántulas vegetales',	'10151535',	'Semillas o plántulas de maní',	'1',	'2025-11-18 21:37:59.443467',	NULL),
(49159,	'10151536',	'Semillas o plántulas de caigua',	'10',	'Material Vivo Vegetal y Animal, Accesorios y Suministros',	'1015',	'Semillas, bulbos, plántulas y esquejes',	'101515',	'Semillas y plántulas vegetales',	'10151536',	'Semillas o plántulas de caigua',	'1',	'2025-11-18 21:37:59.443467',	NULL),
(49160,	'10151537',	'Semillas o plántulas de espárrago',	'10',	'Material Vivo Vegetal y Animal, Accesorios y Suministros',	'1015',	'Semillas, bulbos, plántulas y esquejes',	'101515',	'Semillas y plántulas vegetales',	'10151537',	'Semillas o plántulas de espárrago',	'1',	'2025-11-18 21:37:59.443467',	NULL),
(49161,	'10151538',	'Semillas o plántulas de garbanzo',	'10',	'Material Vivo Vegetal y Animal, Accesorios y Suministros',	'1015',	'Semillas, bulbos, plántulas y esquejes',	'101515',	'Semillas y plántulas vegetales',	'10151538',	'Semillas o plántulas de garbanzo',	'1',	'2025-11-18 21:37:59.443467',	NULL),
(49162,	'10151539',	'Semillas o plántulas de haba',	'10',	'Material Vivo Vegetal y Animal, Accesorios y Suministros',	'1015',	'Semillas, bulbos, plántulas y esquejes',	'101515',	'Semillas y plántulas vegetales',	'10151539',	'Semillas o plántulas de haba',	'1',	'2025-11-18 21:37:59.443467',	NULL),
(49163,	'10151601',	'Semillas de trigo',	'10',	'Material Vivo Vegetal y Animal, Accesorios y Suministros',	'1015',	'Semillas, bulbos, plántulas y esquejes',	'101516',	'Semillas de cereales',	'10151601',	'Semillas de trigo',	'1',	'2025-11-18 21:37:59.443467',	NULL),
(49164,	'10151602',	'Semillas de canola',	'10',	'Material Vivo Vegetal y Animal, Accesorios y Suministros',	'1015',	'Semillas, bulbos, plántulas y esquejes',	'101516',	'Semillas de cereales',	'10151602',	'Semillas de canola',	'1',	'2025-11-18 21:37:59.443467',	NULL),
(49165,	'10151603',	'Semillas de cebada',	'10',	'Material Vivo Vegetal y Animal, Accesorios y Suministros',	'1015',	'Semillas, bulbos, plántulas y esquejes',	'101516',	'Semillas de cereales',	'10151603',	'Semillas de cebada',	'1',	'2025-11-18 21:37:59.443467',	NULL),
(49166,	'10151604',	'Semillas de mijo',	'10',	'Material Vivo Vegetal y Animal, Accesorios y Suministros',	'1015',	'Semillas, bulbos, plántulas y esquejes',	'101516',	'Semillas de cereales',	'10151604',	'Semillas de mijo',	'1',	'2025-11-18 21:37:59.443467',	NULL),
(49167,	'10151605',	'Semillas de avena',	'10',	'Material Vivo Vegetal y Animal, Accesorios y Suministros',	'1015',	'Semillas, bulbos, plántulas y esquejes',	'101516',	'Semillas de cereales',	'10151605',	'Semillas de avena',	'1',	'2025-11-18 21:37:59.443467',	NULL),
(49168,	'10151606',	'Semillas de ajonjolí',	'10',	'Material Vivo Vegetal y Animal, Accesorios y Suministros',	'1015',	'Semillas, bulbos, plántulas y esquejes',	'101516',	'Semillas de cereales',	'10151606',	'Semillas de ajonjolí',	'1',	'2025-11-18 21:37:59.443467',	NULL),
(49169,	'10151607',	'Semillas de linaza',	'10',	'Material Vivo Vegetal y Animal, Accesorios y Suministros',	'1015',	'Semillas, bulbos, plántulas y esquejes',	'101516',	'Semillas de cereales',	'10151607',	'Semillas de linaza',	'1',	'2025-11-18 21:37:59.443467',	NULL),
(49170,	'10151608',	'Semillas de aceite de ricino',	'10',	'Material Vivo Vegetal y Animal, Accesorios y Suministros',	'1015',	'Semillas, bulbos, plántulas y esquejes',	'101516',	'Semillas de cereales',	'10151608',	'Semillas de aceite de ricino',	'1',	'2025-11-18 21:37:59.443467',	NULL),
(49171,	'10151609',	'Semillas de maíz',	'10',	'Material Vivo Vegetal y Animal, Accesorios y Suministros',	'1015',	'Semillas, bulbos, plántulas y esquejes',	'101516',	'Semillas de cereales',	'10151609',	'Semillas de maíz',	'1',	'2025-11-18 21:37:59.443467',	NULL),
(49172,	'10151610',	'Semillas de centeno',	'10',	'Material Vivo Vegetal y Animal, Accesorios y Suministros',	'1015',	'Semillas, bulbos, plántulas y esquejes',	'101516',	'Semillas de cereales',	'10151610',	'Semillas de centeno',	'1',	'2025-11-18 21:37:59.443467',	NULL),
(49173,	'10151611',	'Semillas de sorgo',	'10',	'Material Vivo Vegetal y Animal, Accesorios y Suministros',	'1015',	'Semillas, bulbos, plántulas y esquejes',	'101516',	'Semillas de cereales',	'10151611',	'Semillas de sorgo',	'1',	'2025-11-18 21:37:59.443467',	NULL),
(49174,	'10151612',	'Semillas o plántulas de kiwicha',	'10',	'Material Vivo Vegetal y Animal, Accesorios y Suministros',	'1015',	'Semillas, bulbos, plántulas y esquejes',	'101516',	'Semillas de cereales',	'10151612',	'Semillas o plántulas de kiwicha',	'1',	'2025-11-18 21:37:59.443467',	NULL),
(49175,	'10151613',	'Semillas o plántulas de quínoa',	'10',	'Material Vivo Vegetal y Animal, Accesorios y Suministros',	'1015',	'Semillas, bulbos, plántulas y esquejes',	'101516',	'Semillas de cereales',	'10151613',	'Semillas o plántulas de quínoa',	'1',	'2025-11-18 21:37:59.443467',	NULL),
(49176,	'10151701',	'Semillas o plántulas de arroz',	'10',	'Material Vivo Vegetal y Animal, Accesorios y Suministros',	'1015',	'Semillas, bulbos, plántulas y esquejes',	'101517',	'Semillas y plántulas de hierba y forraje',	'10151701',	'Semillas o plántulas de arroz',	'1',	'2025-11-18 21:37:59.443467',	NULL),
(49177,	'10151702',	'Semillas o plántulas de trébol',	'10',	'Material Vivo Vegetal y Animal, Accesorios y Suministros',	'1015',	'Semillas, bulbos, plántulas y esquejes',	'101517',	'Semillas y plántulas de hierba y forraje',	'10151702',	'Semillas o plántulas de trébol',	'1',	'2025-11-18 21:37:59.443467',	NULL),
(49178,	'10151703',	'Semillas o plántulas de alfalfa',	'10',	'Material Vivo Vegetal y Animal, Accesorios y Suministros',	'1015',	'Semillas, bulbos, plántulas y esquejes',	'101517',	'Semillas y plántulas de hierba y forraje',	'10151703',	'Semillas o plántulas de alfalfa',	'1',	'2025-11-18 21:37:59.443467',	NULL),
(49179,	'10151704',	'Semillas o plántulas de pasto',	'10',	'Material Vivo Vegetal y Animal, Accesorios y Suministros',	'1015',	'Semillas, bulbos, plántulas y esquejes',	'101517',	'Semillas y plántulas de hierba y forraje',	'10151704',	'Semillas o plántulas de pasto',	'1',	'2025-11-18 21:37:59.443467',	NULL),
(49180,	'10151705',	'Semillas o plántulas de veza (gachas / guija)',	'10',	'Material Vivo Vegetal y Animal, Accesorios y Suministros',	'1015',	'Semillas, bulbos, plántulas y esquejes',	'101517',	'Semillas y plántulas de hierba y forraje',	'10151705',	'Semillas o plántulas de veza (gachas / guija)',	'1',	'2025-11-18 21:37:59.443467',	NULL),
(49181,	'10151706',	'Semillas o plántulas de guar',	'10',	'Material Vivo Vegetal y Animal, Accesorios y Suministros',	'1015',	'Semillas, bulbos, plántulas y esquejes',	'101517',	'Semillas y plántulas de hierba y forraje',	'10151706',	'Semillas o plántulas de guar',	'1',	'2025-11-18 21:37:59.443467',	NULL),
(49182,	'10151801',	'Semillas o plántulas de pimienta',	'10',	'Material Vivo Vegetal y Animal, Accesorios y Suministros',	'1015',	'Semillas, bulbos, plántulas y esquejes',	'101518',	'Semillas y plántulas de especias',	'10151801',	'Semillas o plántulas de pimienta',	'1',	'2025-11-18 21:37:59.443467',	NULL),
(49183,	'10151802',	'Semillas o plántulas de vainilla',	'10',	'Material Vivo Vegetal y Animal, Accesorios y Suministros',	'1015',	'Semillas, bulbos, plántulas y esquejes',	'101518',	'Semillas y plántulas de especias',	'10151802',	'Semillas o plántulas de vainilla',	'1',	'2025-11-18 21:37:59.443467',	NULL),
(49184,	'10151803',	'Semillas o plántulas de canela',	'10',	'Material Vivo Vegetal y Animal, Accesorios y Suministros',	'1015',	'Semillas, bulbos, plántulas y esquejes',	'101518',	'Semillas y plántulas de especias',	'10151803',	'Semillas o plántulas de canela',	'1',	'2025-11-18 21:37:59.443467',	NULL),
(49185,	'10151804',	'Semillas o plántulas de clavo de olor',	'10',	'Material Vivo Vegetal y Animal, Accesorios y Suministros',	'1015',	'Semillas, bulbos, plántulas y esquejes',	'101518',	'Semillas y plántulas de especias',	'10151804',	'Semillas o plántulas de clavo de olor',	'1',	'2025-11-18 21:37:59.443467',	NULL),
(49186,	'10151805',	'Semillas o plántulas de cilantro',	'10',	'Material Vivo Vegetal y Animal, Accesorios y Suministros',	'1015',	'Semillas, bulbos, plántulas y esquejes',	'101518',	'Semillas y plántulas de especias',	'10151805',	'Semillas o plántulas de cilantro',	'1',	'2025-11-18 21:37:59.443467',	NULL),
(49187,	'10151806',	'Semillas o plántulas de jengibre',	'10',	'Material Vivo Vegetal y Animal, Accesorios y Suministros',	'1015',	'Semillas, bulbos, plántulas y esquejes',	'101518',	'Semillas y plántulas de especias',	'10151806',	'Semillas o plántulas de jengibre',	'1',	'2025-11-18 21:37:59.443467',	NULL),
(49188,	'10151807',	'Semillas o plántulas de azafrán',	'10',	'Material Vivo Vegetal y Animal, Accesorios y Suministros',	'1015',	'Semillas, bulbos, plántulas y esquejes',	'101518',	'Semillas y plántulas de especias',	'10151807',	'Semillas o plántulas de azafrán',	'1',	'2025-11-18 21:37:59.443467',	NULL),
(49189,	'10151808',	'Semillas o plántulas de tomillo',	'10',	'Material Vivo Vegetal y Animal, Accesorios y Suministros',	'1015',	'Semillas, bulbos, plántulas y esquejes',	'101518',	'Semillas y plántulas de especias',	'10151808',	'Semillas o plántulas de tomillo',	'1',	'2025-11-18 21:37:59.443467',	NULL),
(49190,	'10151809',	'Semillas o plántulas de curry',	'10',	'Material Vivo Vegetal y Animal, Accesorios y Suministros',	'1015',	'Semillas, bulbos, plántulas y esquejes',	'101518',	'Semillas y plántulas de especias',	'10151809',	'Semillas o plántulas de curry',	'1',	'2025-11-18 21:37:59.443467',	NULL),
(49191,	'10151810',	'Semillas o plántulas de mostaza',	'10',	'Material Vivo Vegetal y Animal, Accesorios y Suministros',	'1015',	'Semillas, bulbos, plántulas y esquejes',	'101518',	'Semillas y plántulas de especias',	'10151810',	'Semillas o plántulas de mostaza',	'1',	'2025-11-18 21:37:59.443467',	NULL),
(49192,	'10151811',	'Semillas o plántulas de ginseng',	'10',	'Material Vivo Vegetal y Animal, Accesorios y Suministros',	'1015',	'Semillas, bulbos, plántulas y esquejes',	'101518',	'Semillas y plántulas de especias',	'10151811',	'Semillas o plántulas de ginseng',	'1',	'2025-11-18 21:37:59.443467',	NULL),
(49193,	'10151812',	'Semillas o plántulas de champiñones',	'10',	'Material Vivo Vegetal y Animal, Accesorios y Suministros',	'1015',	'Semillas, bulbos, plántulas y esquejes',	'101518',	'Semillas y plántulas de especias',	'10151812',	'Semillas o plántulas de champiñones',	'1',	'2025-11-18 21:37:59.443467',	NULL),
(49194,	'10151813',	'Semillas o plántulas de sacha inchi',	'10',	'Material Vivo Vegetal y Animal, Accesorios y Suministros',	'1015',	'Semillas, bulbos, plántulas y esquejes',	'101518',	'Semillas y plántulas de especias',	'10151813',	'Semillas o plántulas de sacha inchi',	'1',	'2025-11-18 21:37:59.443467',	NULL),
(49195,	'10151814',	'Semillas o plántulas de achiote',	'10',	'Material Vivo Vegetal y Animal, Accesorios y Suministros',	'1015',	'Semillas, bulbos, plántulas y esquejes',	'101518',	'Semillas y plántulas de especias',	'10151814',	'Semillas o plántulas de achiote',	'1',	'2025-11-18 21:37:59.443467',	NULL),
(49196,	'10151815',	'Semillas o plántulas de kudzu',	'10',	'Material Vivo Vegetal y Animal, Accesorios y Suministros',	'1015',	'Semillas, bulbos, plántulas y esquejes',	'101518',	'Semillas y plántulas de especias',	'10151815',	'Semillas o plántulas de kudzu',	'1',	'2025-11-18 21:37:59.443467',	NULL),
(49197,	'10151816',	'Semillas o plántulas de albahaca',	'10',	'Material Vivo Vegetal y Animal, Accesorios y Suministros',	'1015',	'Semillas, bulbos, plántulas y esquejes',	'101518',	'Semillas y plántulas de especias',	'10151816',	'Semillas o plántulas de albahaca',	'1',	'2025-11-18 21:37:59.443467',	NULL),
(49198,	'10151817',	'Semillas o plántulas de anís',	'10',	'Material Vivo Vegetal y Animal, Accesorios y Suministros',	'1015',	'Semillas, bulbos, plántulas y esquejes',	'101518',	'Semillas y plántulas de especias',	'10151817',	'Semillas o plántulas de anís',	'1',	'2025-11-18 21:37:59.443467',	NULL),
(49199,	'10151901',	'Semillas, bulbos, plántulas o esquejes de tulipán',	'10',	'Material Vivo Vegetal y Animal, Accesorios y Suministros',	'1015',	'Semillas, bulbos, plántulas y esquejes',	'101519',	'Semillas, bulbos, plántulas y esquejes de flores',	'10151901',	'Semillas, bulbos, plántulas o esquejes de tulipán',	'1',	'2025-11-18 21:37:59.443467',	NULL),
(49200,	'10151902',	'Semillas, plántulas o esquejes de rosa',	'10',	'Material Vivo Vegetal y Animal, Accesorios y Suministros',	'1015',	'Semillas, bulbos, plántulas y esquejes',	'101519',	'Semillas, bulbos, plántulas y esquejes de flores',	'10151902',	'Semillas, plántulas o esquejes de rosa',	'1',	'2025-11-18 21:37:59.443467',	NULL),
(49201,	'10151903',	'Semillas, bulbos, plántulas o esquejes de narciso',	'10',	'Material Vivo Vegetal y Animal, Accesorios y Suministros',	'1015',	'Semillas, bulbos, plántulas y esquejes',	'101519',	'Semillas, bulbos, plántulas y esquejes de flores',	'10151903',	'Semillas, bulbos, plántulas o esquejes de narciso',	'1',	'2025-11-18 21:37:59.443467',	NULL),
(49202,	'10151904',	'Semillas de girasol',	'10',	'Material Vivo Vegetal y Animal, Accesorios y Suministros',	'1015',	'Semillas, bulbos, plántulas y esquejes',	'101519',	'Semillas, bulbos, plántulas y esquejes de flores',	'10151904',	'Semillas de girasol',	'1',	'2025-11-18 21:37:59.443467',	NULL),
(49203,	'10151905',	'Bulbos o tallos de jacinto',	'10',	'Material Vivo Vegetal y Animal, Accesorios y Suministros',	'1015',	'Semillas, bulbos, plántulas y esquejes',	'101519',	'Semillas, bulbos, plántulas y esquejes de flores',	'10151905',	'Bulbos o tallos de jacinto',	'1',	'2025-11-18 21:37:59.443467',	NULL),
(49204,	'10151906',	'Bulbos de lirio',	'10',	'Material Vivo Vegetal y Animal, Accesorios y Suministros',	'1015',	'Semillas, bulbos, plántulas y esquejes',	'101519',	'Semillas, bulbos, plántulas y esquejes de flores',	'10151906',	'Bulbos de lirio',	'1',	'2025-11-18 21:37:59.443467',	NULL),
(49205,	'10151907',	'Semillas o plántulas de veza',	'10',	'Material Vivo Vegetal y Animal, Accesorios y Suministros',	'1015',	'Semillas, bulbos, plántulas y esquejes',	'101519',	'Semillas, bulbos, plántulas y esquejes de flores',	'10151907',	'Semillas o plántulas de veza',	'1',	'2025-11-18 21:37:59.443467',	NULL),
(49206,	'10152001',	'Semillas o esquejes de árboles frutales',	'10',	'Material Vivo Vegetal y Animal, Accesorios y Suministros',	'1015',	'Semillas, bulbos, plántulas y esquejes',	'101520',	'Semillas y esquejes de árboles y arbustos',	'10152001',	'Semillas o esquejes de árboles frutales',	'1',	'2025-11-18 21:37:59.443467',	NULL),
(49207,	'10152002',	'Semillas o esquejes de coníferas',	'10',	'Material Vivo Vegetal y Animal, Accesorios y Suministros',	'1015',	'Semillas, bulbos, plántulas y esquejes',	'101520',	'Semillas y esquejes de árboles y arbustos',	'10152002',	'Semillas o esquejes de coníferas',	'1',	'2025-11-18 21:37:59.443467',	NULL),
(49208,	'10152003',	'Semillas o esquejes de árboles de frutos secos',	'10',	'Material Vivo Vegetal y Animal, Accesorios y Suministros',	'1015',	'Semillas, bulbos, plántulas y esquejes',	'101520',	'Semillas y esquejes de árboles y arbustos',	'10152003',	'Semillas o esquejes de árboles de frutos secos',	'1',	'2025-11-18 21:37:59.443467',	NULL),
(49209,	'10152004',	'Plántulas de latifoliados',	'10',	'Material Vivo Vegetal y Animal, Accesorios y Suministros',	'1015',	'Semillas, bulbos, plántulas y esquejes',	'101520',	'Semillas y esquejes de árboles y arbustos',	'10152004',	'Plántulas de latifoliados',	'1',	'2025-11-18 21:37:59.443467',	NULL),
(49210,	'10152005',	'Plántulas de coníferas',	'10',	'Material Vivo Vegetal y Animal, Accesorios y Suministros',	'1015',	'Semillas, bulbos, plántulas y esquejes',	'101520',	'Semillas y esquejes de árboles y arbustos',	'10152005',	'Plántulas de coníferas',	'1',	'2025-11-18 21:37:59.443467',	NULL),
(49211,	'10152006',	'Semillas o yemas de pino',	'10',	'Material Vivo Vegetal y Animal, Accesorios y Suministros',	'1015',	'Semillas, bulbos, plántulas y esquejes',	'101520',	'Semillas y esquejes de árboles y arbustos',	'10152006',	'Semillas o yemas de pino',	'1',	'2025-11-18 21:37:59.443467',	NULL),
(49212,	'10152007',	'Semillas o yemas de algarrobo',	'10',	'Material Vivo Vegetal y Animal, Accesorios y Suministros',	'1015',	'Semillas, bulbos, plántulas y esquejes',	'101520',	'Semillas y esquejes de árboles y arbustos',	'10152007',	'Semillas o yemas de algarrobo',	'1',	'2025-11-18 21:37:59.443467',	NULL),
(49213,	'10152101',	'Extracción de los residuos de semilla de babool',	'10',	'Material Vivo Vegetal y Animal, Accesorios y Suministros',	'1015',	'Semillas, bulbos, plántulas y esquejes',	'101521',	'Residuos que no sean de piensos',	'10152101',	'Extracción de los residuos de semilla de babool',	'1',	'2025-11-18 21:37:59.443467',	NULL),
(49214,	'10152102',	'Residuos de semilla de colza',	'10',	'Material Vivo Vegetal y Animal, Accesorios y Suministros',	'1015',	'Semillas, bulbos, plántulas y esquejes',	'101521',	'Residuos que no sean de piensos',	'10152102',	'Residuos de semilla de colza',	'1',	'2025-11-18 21:37:59.443467',	NULL),
(49215,	'10152103',	'Residuo de semillas de linaza',	'10',	'Material Vivo Vegetal y Animal, Accesorios y Suministros',	'1015',	'Semillas, bulbos, plántulas y esquejes',	'101521',	'Residuos que no sean de piensos',	'10152103',	'Residuo de semillas de linaza',	'1',	'2025-11-18 21:37:59.443467',	NULL),
(49216,	'10152104',	'Torta de neem',	'10',	'Material Vivo Vegetal y Animal, Accesorios y Suministros',	'1015',	'Semillas, bulbos, plántulas y esquejes',	'101521',	'Residuos que no sean de piensos',	'10152104',	'Torta de neem',	'1',	'2025-11-18 21:37:59.443467',	NULL),
(49217,	'10152201',	'Semillas o plántulas de algodón',	'10',	'Material Vivo Vegetal y Animal, Accesorios y Suministros',	'1015',	'Semillas, bulbos, plántulas y esquejes',	'101522',	'Semillas de cultivos fibrosos y semilleros',	'10152201',	'Semillas o plántulas de algodón',	'1',	'2025-11-18 21:37:59.443467',	NULL),
(49218,	'10152202',	'Semillas o plántulas de lino',	'10',	'Material Vivo Vegetal y Animal, Accesorios y Suministros',	'1015',	'Semillas, bulbos, plántulas y esquejes',	'101522',	'Semillas de cultivos fibrosos y semilleros',	'10152202',	'Semillas o plántulas de lino',	'1',	'2025-11-18 21:37:59.443467',	NULL),
(49219,	'10161501',	'Aceitunos',	'10',	'Material Vivo Vegetal y Animal, Accesorios y Suministros',	'1016',	'Productos de floricultura y silvicultura',	'101615',	'Árboles y arbustos',	'10161501',	'Aceitunos',	'1',	'2025-11-18 21:37:59.443467',	NULL),
(49220,	'10161502',	'Cafetos',	'10',	'Material Vivo Vegetal y Animal, Accesorios y Suministros',	'1016',	'Productos de floricultura y silvicultura',	'101615',	'Árboles y arbustos',	'10161502',	'Cafetos',	'1',	'2025-11-18 21:37:59.443467',	NULL),
(49221,	'10161503',	'Cacaoteros',	'10',	'Material Vivo Vegetal y Animal, Accesorios y Suministros',	'1016',	'Productos de floricultura y silvicultura',	'101615',	'Árboles y arbustos',	'10161503',	'Cacaoteros',	'1',	'2025-11-18 21:37:59.443467',	NULL),
(49222,	'10161504',	'Manzanos',	'10',	'Material Vivo Vegetal y Animal, Accesorios y Suministros',	'1016',	'Productos de floricultura y silvicultura',	'101615',	'Árboles y arbustos',	'10161504',	'Manzanos',	'1',	'2025-11-18 21:37:59.443467',	NULL),
(49223,	'10161505',	'Peros',	'10',	'Material Vivo Vegetal y Animal, Accesorios y Suministros',	'1016',	'Productos de floricultura y silvicultura',	'101615',	'Árboles y arbustos',	'10161505',	'Peros',	'1',	'2025-11-18 21:37:59.443467',	NULL),
(49224,	'10161506',	'Naranjos',	'10',	'Material Vivo Vegetal y Animal, Accesorios y Suministros',	'1016',	'Productos de floricultura y silvicultura',	'101615',	'Árboles y arbustos',	'10161506',	'Naranjos',	'1',	'2025-11-18 21:37:59.443467',	NULL),
(49225,	'10161507',	'Rododendros',	'10',	'Material Vivo Vegetal y Animal, Accesorios y Suministros',	'1016',	'Productos de floricultura y silvicultura',	'101615',	'Árboles y arbustos',	'10161507',	'Rododendros',	'1',	'2025-11-18 21:37:59.443467',	NULL),
(49226,	'10161508',	'Plantas de te',	'10',	'Material Vivo Vegetal y Animal, Accesorios y Suministros',	'1016',	'Productos de floricultura y silvicultura',	'101615',	'Árboles y arbustos',	'10161508',	'Plantas de te',	'1',	'2025-11-18 21:37:59.443467',	NULL),
(49227,	'10161509',	'Coníferas',	'10',	'Material Vivo Vegetal y Animal, Accesorios y Suministros',	'1016',	'Productos de floricultura y silvicultura',	'101615',	'Árboles y arbustos',	'10161509',	'Coníferas',	'1',	'2025-11-18 21:37:59.443467',	NULL),
(49228,	'10161510',	'Abetos rojos (píceas)',	'10',	'Material Vivo Vegetal y Animal, Accesorios y Suministros',	'1016',	'Productos de floricultura y silvicultura',	'101615',	'Árboles y arbustos',	'10161510',	'Abetos rojos (píceas)',	'1',	'2025-11-18 21:37:59.443467',	NULL),
(49229,	'10161511',	'Pinos',	'10',	'Material Vivo Vegetal y Animal, Accesorios y Suministros',	'1016',	'Productos de floricultura y silvicultura',	'101615',	'Árboles y arbustos',	'10161511',	'Pinos',	'1',	'2025-11-18 21:37:59.443467',	NULL),
(49230,	'10161512',	'Abetos',	'10',	'Material Vivo Vegetal y Animal, Accesorios y Suministros',	'1016',	'Productos de floricultura y silvicultura',	'101615',	'Árboles y arbustos',	'10161512',	'Abetos',	'1',	'2025-11-18 21:37:59.443467',	NULL),
(49231,	'10161513',	'Palmeras',	'10',	'Material Vivo Vegetal y Animal, Accesorios y Suministros',	'1016',	'Productos de floricultura y silvicultura',	'101615',	'Árboles y arbustos',	'10161513',	'Palmeras',	'1',	'2025-11-18 21:37:59.443467',	NULL),
(49232,	'10161514',	'Casuarina',	'10',	'Material Vivo Vegetal y Animal, Accesorios y Suministros',	'1016',	'Productos de floricultura y silvicultura',	'101615',	'Árboles y arbustos',	'10161514',	'Casuarina',	'1',	'2025-11-18 21:37:59.443467',	NULL),
(49233,	'10161515',	'Ciprés',	'10',	'Material Vivo Vegetal y Animal, Accesorios y Suministros',	'1016',	'Productos de floricultura y silvicultura',	'101615',	'Árboles y arbustos',	'10161515',	'Ciprés',	'1',	'2025-11-18 21:37:59.443467',	NULL),
(49234,	'10161516',	'Eucalipto',	'10',	'Material Vivo Vegetal y Animal, Accesorios y Suministros',	'1016',	'Productos de floricultura y silvicultura',	'101615',	'Árboles y arbustos',	'10161516',	'Eucalipto',	'1',	'2025-11-18 21:37:59.443467',	NULL),
(49235,	'10161517',	'Árbol de quinua',	'10',	'Material Vivo Vegetal y Animal, Accesorios y Suministros',	'1016',	'Productos de floricultura y silvicultura',	'101615',	'Árboles y arbustos',	'10161517',	'Árbol de quinua',	'1',	'2025-11-18 21:37:59.443467',	NULL),
(49236,	'10161518',	'Magnolio',	'10',	'Material Vivo Vegetal y Animal, Accesorios y Suministros',	'1016',	'Productos de floricultura y silvicultura',	'101615',	'Árboles y arbustos',	'10161518',	'Magnolio',	'1',	'2025-11-18 21:37:59.443467',	NULL),
(49237,	'10161519',	'Mioporo',	'10',	'Material Vivo Vegetal y Animal, Accesorios y Suministros',	'1016',	'Productos de floricultura y silvicultura',	'101615',	'Árboles y arbustos',	'10161519',	'Mioporo',	'1',	'2025-11-18 21:37:59.443467',	NULL),
(49238,	'10161520',	'Acalifa',	'10',	'Material Vivo Vegetal y Animal, Accesorios y Suministros',	'1016',	'Productos de floricultura y silvicultura',	'101615',	'Árboles y arbustos',	'10161520',	'Acalifa',	'1',	'2025-11-18 21:37:59.443467',	NULL),
(49239,	'10161521',	'Tecomaria capensis o madreselva del cabo',	'10',	'Material Vivo Vegetal y Animal, Accesorios y Suministros',	'1016',	'Productos de floricultura y silvicultura',	'101615',	'Árboles y arbustos',	'10161521',	'Tecomaria capensis o madreselva del cabo',	'1',	'2025-11-18 21:37:59.443467',	NULL),
(49240,	'10161522',	'Arbusto croton bolaina',	'10',	'Material Vivo Vegetal y Animal, Accesorios y Suministros',	'1016',	'Productos de floricultura y silvicultura',	'101615',	'Árboles y arbustos',	'10161522',	'Arbusto croton bolaina',	'1',	'2025-11-18 21:37:59.443467',	NULL),
(49241,	'10161523',	'Abutillón',	'10',	'Material Vivo Vegetal y Animal, Accesorios y Suministros',	'1016',	'Productos de floricultura y silvicultura',	'101615',	'Árboles y arbustos',	'10161523',	'Abutillón',	'1',	'2025-11-18 21:37:59.443467',	NULL),
(49242,	'10161524',	'Ficus',	'10',	'Material Vivo Vegetal y Animal, Accesorios y Suministros',	'1016',	'Productos de floricultura y silvicultura',	'101615',	'Árboles y arbustos',	'10161524',	'Ficus',	'1',	'2025-11-18 21:37:59.443467',	NULL),
(49243,	'10161525',	'Lúcumo',	'10',	'Material Vivo Vegetal y Animal, Accesorios y Suministros',	'1016',	'Productos de floricultura y silvicultura',	'101615',	'Árboles y arbustos',	'10161525',	'Lúcumo',	'1',	'2025-11-18 21:37:59.443467',	NULL),
(49244,	'10161526',	'Aguacatal',	'10',	'Material Vivo Vegetal y Animal, Accesorios y Suministros',	'1016',	'Productos de floricultura y silvicultura',	'101615',	'Árboles y arbustos',	'10161526',	'Aguacatal',	'1',	'2025-11-18 21:37:59.443467',	NULL),
(49245,	'10161527',	'Guanábano',	'10',	'Material Vivo Vegetal y Animal, Accesorios y Suministros',	'1016',	'Productos de floricultura y silvicultura',	'101615',	'Árboles y arbustos',	'10161527',	'Guanábano',	'1',	'2025-11-18 21:37:59.443467',	NULL),
(49246,	'10161528',	'Carambolo',	'10',	'Material Vivo Vegetal y Animal, Accesorios y Suministros',	'1016',	'Productos de floricultura y silvicultura',	'101615',	'Árboles y arbustos',	'10161528',	'Carambolo',	'1',	'2025-11-18 21:37:59.443467',	NULL),
(49247,	'10161529',	'Ciruelo',	'10',	'Material Vivo Vegetal y Animal, Accesorios y Suministros',	'1016',	'Productos de floricultura y silvicultura',	'101615',	'Árboles y arbustos',	'10161529',	'Ciruelo',	'1',	'2025-11-18 21:37:59.443467',	NULL),
(49248,	'10161530',	'Árbol de quince',	'10',	'Material Vivo Vegetal y Animal, Accesorios y Suministros',	'1016',	'Productos de floricultura y silvicultura',	'101615',	'Árboles y arbustos',	'10161530',	'Árbol de quince',	'1',	'2025-11-18 21:37:59.443467',	NULL),
(49249,	'10161602',	'Poinsettias',	'10',	'Material Vivo Vegetal y Animal, Accesorios y Suministros',	'1016',	'Productos de floricultura y silvicultura',	'101616',	'Plantas florales',	'10161602',	'Poinsettias',	'1',	'2025-11-18 21:37:59.443467',	NULL),
(49251,	'10161605',	'Cactos',	'10',	'Material Vivo Vegetal y Animal, Accesorios y Suministros',	'1016',	'Productos de floricultura y silvicultura',	'101616',	'Plantas florales',	'10161605',	'Cactos',	'1',	'2025-11-18 21:37:59.443467',	NULL),
(49252,	'10161606',	'Ageratum púrpura',	'10',	'Material Vivo Vegetal y Animal, Accesorios y Suministros',	'1016',	'Productos de floricultura y silvicultura',	'101616',	'Plantas florales',	'10161606',	'Ageratum púrpura',	'1',	'2025-11-18 21:37:59.443467',	NULL),
(49253,	'10161801',	'Helechos',	'10',	'Material Vivo Vegetal y Animal, Accesorios y Suministros',	'1016',	'Productos de floricultura y silvicultura',	'101618',	'Plantas sin flor',	'10161801',	'Helechos',	'1',	'2025-11-18 21:37:59.443467',	NULL),
(49254,	'10161802',	'Hiedras',	'10',	'Material Vivo Vegetal y Animal, Accesorios y Suministros',	'1016',	'Productos de floricultura y silvicultura',	'101618',	'Plantas sin flor',	'10161802',	'Hiedras',	'1',	'2025-11-18 21:37:59.443467',	NULL),
(49255,	'10161803',	'Filodendros',	'10',	'Material Vivo Vegetal y Animal, Accesorios y Suministros',	'1016',	'Productos de floricultura y silvicultura',	'101618',	'Plantas sin flor',	'10161803',	'Filodendros',	'1',	'2025-11-18 21:37:59.443467',	NULL),
(49256,	'10161804',	'Líquenes',	'10',	'Material Vivo Vegetal y Animal, Accesorios y Suministros',	'1016',	'Productos de floricultura y silvicultura',	'101618',	'Plantas sin flor',	'10161804',	'Líquenes',	'1',	'2025-11-18 21:37:59.443467',	NULL),
(49257,	'10161805',	'Vides',	'10',	'Material Vivo Vegetal y Animal, Accesorios y Suministros',	'1016',	'Productos de floricultura y silvicultura',	'101618',	'Plantas sin flor',	'10161805',	'Vides',	'1',	'2025-11-18 21:37:59.443467',	NULL),
(49258,	'10161901',	'Vainas secas',	'10',	'Material Vivo Vegetal y Animal, Accesorios y Suministros',	'1016',	'Productos de floricultura y silvicultura',	'101619',	'Productos florales secos',	'10161901',	'Vainas secas',	'1',	'2025-11-18 21:37:59.443467',	NULL),
(49259,	'10161902',	'Follaje seco',	'10',	'Material Vivo Vegetal y Animal, Accesorios y Suministros',	'1016',	'Productos de floricultura y silvicultura',	'101619',	'Productos florales secos',	'10161902',	'Follaje seco',	'1',	'2025-11-18 21:37:59.443467',	NULL),
(49260,	'10161903',	'Helechos secos',	'10',	'Material Vivo Vegetal y Animal, Accesorios y Suministros',	'1016',	'Productos de floricultura y silvicultura',	'101619',	'Productos florales secos',	'10161903',	'Helechos secos',	'1',	'2025-11-18 21:37:59.443467',	NULL),
(49261,	'10161905',	'Ramas y tallos secos',	'10',	'Material Vivo Vegetal y Animal, Accesorios y Suministros',	'1016',	'Productos de floricultura y silvicultura',	'101619',	'Productos florales secos',	'10161905',	'Ramas y tallos secos',	'1',	'2025-11-18 21:37:59.443467',	NULL),
(49262,	'10161906',	'Penachos de gramíneas secos',	'10',	'Material Vivo Vegetal y Animal, Accesorios y Suministros',	'1016',	'Productos de floricultura y silvicultura',	'101619',	'Productos florales secos',	'10161906',	'Penachos de gramíneas secos',	'1',	'2025-11-18 21:37:59.443467',	NULL),
(87646,	'50446109',	'Espinaca nueva zelandia congelada',	'50',	'Alimentos, Bebidas y Tabaco',	'5044',	'Vegetales congelados',	'504461',	'Espinacas congeladas',	'50446109',	'Espinaca nueva zelandia congelada',	'1',	'2025-11-18 21:38:03.578779',	NULL),

ALTER TABLE ONLY "public"."entities" ADD CONSTRAINT "fk_entities_entity_types" FOREIGN KEY (entity_type_id) REFERENCES entity_types(entity_type_id) NOT DEFERRABLE;

ALTER TABLE ONLY "public"."modification_assignments" ADD CONSTRAINT "fk_assignments_derived_project" FOREIGN KEY (related_derived_project_id) REFERENCES projects(project_id) ON DELETE SET NULL NOT DEFERRABLE;
ALTER TABLE ONLY "public"."modification_assignments" ADD CONSTRAINT "fk_assignments_modifications" FOREIGN KEY (modification_id) REFERENCES project_modifications(modification_id) ON DELETE CASCADE NOT DEFERRABLE;

ALTER TABLE ONLY "public"."modification_clause_changes" ADD CONSTRAINT "fk_clause_changes_modifications" FOREIGN KEY (modification_id) REFERENCES project_modifications(modification_id) ON DELETE CASCADE NOT DEFERRABLE;

ALTER TABLE ONLY "public"."modification_documents" ADD CONSTRAINT "fk_mod_docs_documents" FOREIGN KEY (document_id) REFERENCES project_documents(document_id) ON DELETE CASCADE NOT DEFERRABLE;
ALTER TABLE ONLY "public"."modification_documents" ADD CONSTRAINT "fk_mod_docs_modifications" FOREIGN KEY (modification_id) REFERENCES project_modifications(modification_id) ON DELETE CASCADE NOT DEFERRABLE;

ALTER TABLE ONLY "public"."modification_liquidations" ADD CONSTRAINT "fk_liquidations_modifications" FOREIGN KEY (modification_id) REFERENCES project_modifications(modification_id) ON DELETE CASCADE NOT DEFERRABLE;

ALTER TABLE ONLY "public"."modification_suspensions" ADD CONSTRAINT "fk_suspensions_modifications" FOREIGN KEY (modification_id) REFERENCES project_modifications(modification_id) ON DELETE CASCADE NOT DEFERRABLE;
ALTER TABLE ONLY "public"."modification_suspensions" ADD CONSTRAINT "fk_suspensions_restart_mod" FOREIGN KEY (restart_modification_id) REFERENCES project_modifications(modification_id) ON DELETE SET NULL NOT DEFERRABLE;

ALTER TABLE ONLY "public"."project_documents" ADD CONSTRAINT "fk_documents_document_types" FOREIGN KEY (document_type_id) REFERENCES project_document_types(document_type_id) NOT DEFERRABLE;

ALTER TABLE ONLY "public"."project_modifications" ADD CONSTRAINT "fk_modifications_ordering_official" FOREIGN KEY (ordering_official_id) REFERENCES ordering_officials(official_id) NOT DEFERRABLE;
ALTER TABLE ONLY "public"."project_modifications" ADD CONSTRAINT "fk_modifications_projects" FOREIGN KEY (project_id) REFERENCES projects(project_id) ON DELETE CASCADE NOT DEFERRABLE;

ALTER TABLE ONLY "public"."project_secondary_emails" ADD CONSTRAINT "fk_secondary_emails_projects" FOREIGN KEY (project_id) REFERENCES projects(project_id) ON DELETE CASCADE NOT DEFERRABLE;

ALTER TABLE ONLY "public"."projects" ADD CONSTRAINT "fk_projects_departments" FOREIGN KEY (executing_department_id) REFERENCES executing_departments(department_id) NOT DEFERRABLE;
ALTER TABLE ONLY "public"."projects" ADD CONSTRAINT "fk_projects_entities" FOREIGN KEY (entity_id) REFERENCES entities(entity_id) NOT DEFERRABLE;
ALTER TABLE ONLY "public"."projects" ADD CONSTRAINT "fk_projects_execution_modalities" FOREIGN KEY (execution_modality_id) REFERENCES execution_modalities(execution_modality_id) NOT DEFERRABLE;
ALTER TABLE ONLY "public"."projects" ADD CONSTRAINT "fk_projects_financing_types" FOREIGN KEY (financing_type_id) REFERENCES financing_types(financing_type_id) NOT DEFERRABLE;
ALTER TABLE ONLY "public"."projects" ADD CONSTRAINT "fk_projects_ordering_officials" FOREIGN KEY (ordering_official_id) REFERENCES ordering_officials(official_id) NOT DEFERRABLE;
ALTER TABLE ONLY "public"."projects" ADD CONSTRAINT "fk_projects_project_types" FOREIGN KEY (project_type_id) REFERENCES project_types(project_type_id) NOT DEFERRABLE;
ALTER TABLE ONLY "public"."projects" ADD CONSTRAINT "fk_projects_statuses" FOREIGN KEY (project_status_id) REFERENCES project_statuses(status_id) NOT DEFERRABLE;

-- 2026-02-18 17:40:15 UTC
